username,followers,following,public_repos_reported,public_gists,account_age_days,profile_updated_days_ago,has_bio,has_company,has_blog,hireable,site_admin,repos_fetched,total_stars,avg_stars,total_forks,avg_forks,total_watchers,avg_watchers,total_open_issues,avg_open_issues,avg_repo_size_kb,median_repo_size_kb,fork_ratio,archived_ratio,disabled_ratio,has_pages_ratio,has_issues_ratio,unique_languages,top_language_share,days_since_last_push,days_since_last_repo_update,events_fetched,events_PushEvent,events_PullRequestEvent,events_PullRequestReviewEvent,events_IssuesEvent,events_IssueCommentEvent,events_CreateEvent,events_ForkEvent,events_WatchEvent,days_since_last_event
0vm,10277,2,11,0,1810.454544,15.69690556,1,0,0,1,0,11,696,63.27272727,79,7.181818182,696,63.27272727,11,1,505.6363636,54,0.181818182,0,0,0,0.818181818,4,0.5,141.2968824,1.48531991,1,0,0,0,0,1,0,0,0,18.22459074
3b1b,39204,0,9,0,3981.963283,13.69491482,1,1,1,0,0,9,96025,10669.44444,9575,1063.888889,96025,10669.44444,597,66.33333333,214531.8889,76592,0.333333333,0,0,0.222222222,0.666666667,5,0.428571429,0.482021299,0.040354632,30,18,2,0,2,4,1,0,0,1.637102317
521xueweihan,11938,186,165,11,4223.314695,20.22020417,1,1,1,0,0,30,129,4.3,49,1.633333333,129,4.3,0,0,16449.56667,1129.5,0.9,0,0,0.066666667,0.1,7,0.375,292.5555167,11.254475,9,2,1,0,3,0,0,0,2,9.470852317
abuanwar072,13291,1,83,15,2729.44782,12.31756528,1,0,0,0,0,30,12700,423.3333333,5419,180.6333333,12700,423.3333333,90,3,21165.36667,1435.5,0.066666667,  ,0,0.166666667,0.933333333,6,0.75,160.8247412,0.49412778,4,1,0,0,0,0,0,0,2,5.274822225
acdlite,14884,0,74,20,4744.403318,33.62438241,1,1,1,0,0,30,2090,69.66666667,200,6.666666667,2090,69.66666667,78,2.6,5498.4,868.5,0.6,0,0,0.166666667,0.366666667,7,0.730769231,1016.937183,3.617935651,30,3,3,12,0,1,3,0,0,2.162866206
acenelio,13614,1,290,0,3830.600667,32.00651204,1,1,1,0,0,30,100,3.333333333,51,1.7,100,3.333333333,5,0.166666667,2431.933333,57,0.2,0,0,0,0.8,5,0.52,741.6587806,145.8786532,1,0,0,0,0,0,0,0,0,10.01527361
adamwathan,13145,12,178,28,4671.092994,11.98891945,1,0,0,0,0,30,1158,38.6,258,8.6,1158,38.6,62,2.066666667,1518.766667,177,0.233333333,0.166666667,0,0,0.666666667,6,0.652173913,443.8344287,47.24540093,30,10,6,1,1,9,2,0,0,6.724266669
addyosmani,45086,265,351,176,6040.965482,86.73838704,1,1,1,0,0,30,12086,402.8666667,1798,59.93333333,12086,402.8666667,116,3.866666667,16753.16667,706,0.5,0.033333333,0,0.133333333,0.566666667,6,0.76,37.33601435,0.228549077,30,5,0,0,15,7,1,0,1,5.819058336
adrianhajdin,36277,0,152,62,3329.036281,3.03569028,1,1,1,1,0,30,16250,541.6666667,5032,167.7333333,16250,541.6666667,285,9.5,6633.3,1802.5,0.033333333,0,0,0,0.966666667,5,0.444444444,32.16319028,0.198850002,30,15,10,0,0,0,3,0,1,1.898745836
agentzh,11829,3,68,92,6203.252218,36.45216037,1,1,1,0,0,30,426,14.2,119,3.966666667,426,14.2,11,0.366666667,13911.56667,212.5,0.5,0,0,0.033333333,0.533333333,8,0.37037037,1230.388063,146.6954243,0,0,0,0,0,0,0,0,0,0
ageron,17067,5,89,19,6142.040216,31.84540111,1,0,1,0,0,30,359,11.96666667,169,5.633333333,359,11.96666667,1,0.033333333,13866.4,358,0.733333333,0,0,0.033333333,0.266666667,11,0.277777778,31.84673213,8.231083984,11,8,0,0,1,2,0,0,0,9.847912687
akitaonrails,12274,4,136,105,6549.024197,12.12648908,1,1,1,0,0,30,1076,35.86666667,130,4.333333333,1076,35.86666667,7,0.233333333,7515.566667,616.5,0.433333333,0,0,0.033333333,0.566666667,9,0.269230769,2.008502965,1.162704354,30,20,0,0,3,1,4,0,0,2.008491391
alex,10499,38,494,81,6564.878491,111.1884335,1,1,1,0,0,30,129,4.3,22,0.733333333,129,4.3,13,0.433333333,10472.96667,416.5,0.833333333,0,0,0,0.166666667,7,0.5,8.773468243,8.773433521,30,6,1,7,0,9,0,0,0,0.124533058
AlexTheAnalyst,20456,0,18,0,2209.583364,33.17957935,1,0,1,0,0,18,5878,326.5555556,4047,224.8333333,5878,326.5555556,104,5.777777778,4218.055556,484,0,0,0,0.111111111,1,4,0.555555556,10.04323676,0.850377965,12,10,0,0,0,0,2,0,0,10.04323676
AllenDowney,10771,1,160,27,4984.985309,20.08942889,1,1,1,1,0,30,1198,39.93333333,665,22.16666667,1198,39.93333333,25,0.833333333,26417,14628,0.333333333,0,0,0.366666667,0.666666667,6,0.714285714,4.679278428,4.841546947,30,7,1,1,11,9,0,0,0,0.914151113
amueller,11086,44,201,56,5594.313978,12.03015806,1,1,1,0,0,30,1230,41,510,17,1230,41,9,0.3,66261.46667,10811.5,0.5,0,0,0.266666667,0.5,9,0.379310345,478.8340585,20.26232241,4,0,0,0,0,4,0,0,0,12.01806315
aneagoie,10670,1,147,4,4033.030552,113.761165,1,0,1,1,0,30,339,11.3,386,12.86666667,339,11.3,56,1.866666667,7283.066667,167,0.266666667,0,0,0.266666667,0.7,5,0.653846154,142.9908178,0.977577039,0,0,0,0,0,0,0,0,0,0
angelabauer,20309,0,47,26,4168.865447,58.58253074,1,1,1,0,0,30,559,18.63333333,358,11.93333333,559,18.63333333,25,0.833333333,5318.466667,168.5,0.2,0,0,0.2,0.8,5,0.388888889,64.10681315,0.924498335,0,0,0,0,0,0,0,0,0,0
angusshire,12939,227618,18,0,4482.435135,3.963132595,0,1,0,1,0,18,2124,118,303,16.83333333,2124,118,16,0.888888889,27541.38889,403.5,0.722222222,0,0,0,0.277777778,7,0.4,686.1449497,2.805077039,0,0,0,0,0,0,0,0,0,0
antfu,38583,397,387,39,4004.037415,10.54426685,1,1,1,0,0,30,4121,137.3666667,510,17,4121,137.3666667,39,1.3,15392,168,0.333333333,0.133333333,0,0,0.633333333,6,0.35,1.734544632,0.14363028,30,15,0,5,3,3,0,0,1,0.544428891
antirez,25885,4,103,218,6173.805436,43.77491519,1,1,1,0,0,30,16060,535.3333333,2565,85.5,16060,535.3333333,269,8.966666667,382,96,0,0,0,0,1,4,0.607142857,11.97706797,0.230783243,30,11,5,0,0,13,1,0,0,0.235019354
anuraghazra,14634,126,139,29,2955.12554,36.60653556,1,1,1,0,0,30,1796,59.86666667,3113,103.7666667,1796,59.86666667,232,7.733333333,26092.13333,3275.5,0.366666667,0.033333333,0,0.3,0.533333333,4,0.736842105,554.0792207,5.168086484,30,9,5,6,0,0,3,0,0,1.199706854
apache,21380,0,2845,0,6236.899336,33.22718371,0,0,1,0,0,30,4348,144.9333333,2784,92.8,4348,144.9333333,720,24,17114.8,546.5,0,0.1,0,0,0.733333333,6,0.678571429,22.90448695,22.9045101,0,0,0,0,0,0,0,0,0,0
apple,34891,0,384,0,4041.896003,204.0319522,0,0,1,0,0,30,63526,2117.533333,5578,185.9333333,63526,2117.533333,1154,38.46666667,11812.63333,809.5,0,0.4,0,0.3,0.8,10,0.344827586,23.08372306,22.87411658,0,0,0,0,0,0,0,0,0,0
Asabeneh,20823,21,182,26,4152.233445,10.02364204,1,0,1,1,0,30,135770,4525.666667,29996,999.8666667,135770,4525.666667,720,24,10386.9,190,0.1,0,0,0.133333333,0.9,7,0.3,22.42850315,0.045459169,30,6,0,0,0,0,2,0,22,3.975933706
ashishpatel26,10865,471,2083,60,4803.488839,21.08874621,1,1,1,1,0,30,56701,1890.033333,11323,377.4333333,56701,1890.033333,102,3.4,44129.3,2520.5,0.733333333,0,0,0.066666667,0.233333333,1,1,32.52073695,0.047704539,30,0,0,1,0,0,0,1,28,0.135991577
ashishps1,12141,16,41,2,4181.909059,5.278433706,1,1,1,1,0,30,80748,2691.6,18516,617.2,80748,2691.6,102,3.4,33385.73333,833,0.366666667,0,0,0,0.633333333,9,0.260869565,0.401072595,0.046813336,14,8,0,0,3,0,0,0,2,0.235702225
astaxie,15080,22,83,9,5799.487323,4.224162873,1,1,1,1,0,30,48518,1617.266667,11312,377.0666667,48518,1617.266667,204,6.8,6928.7,646,0.533333333,0,0,0.033333333,0.433333333,5,0.7,317.5742207,0.041732317,1,0,0,0,0,0,0,0,1,5.675748521
atilsamancioglu,16539,4,529,1,3498.090656,27.06372306,1,1,1,0,0,30,93,3.1,161,5.366666667,93,3.1,3,0.1,2118.033333,234.5,0.033333333,0,0,0,0.966666667,3,0.620689655,689.0143481,22.36780871,17,12,0,0,0,0,3,0,2,0.230459169
AUTOMATIC1111,17539,0,43,5,3476.507357,71.46387352,0,0,0,0,0,30,163150,5438.333333,30633,1021.1,163150,5438.333333,2567,85.56666667,5438.6,823.5,0.166666667,0,0,0.066666667,0.8,8,0.518518519,0.490910558,0.05375778,0,0,0,0,0,0,0,0,0,0
bailicangdu,13759,20,22,0,3511.357982,35.36720685,1,1,1,1,0,22,87040,3956.363636,26109,1186.772727,87040,3956.363636,414,18.81818182,4925.909091,2033.5,0.090909091,0,0,0,0.909090909,6,0.5,5.130019354,1.022392039,15,15,0,0,0,0,0,0,0,5.130019354
bchiang7,10532,13,63,27,4391.768561,18.21891982,1,0,1,1,0,30,1425,47.5,536,17.86666667,1425,47.5,115,3.833333333,34036.06667,3070.5,0.266666667,0,0,0.066666667,0.733333333,7,0.444444444,176.9713504,13.18049389,0,0,0,0,0,0,0,0,0,0
bedimcode,12267,0,164,0,2186.95267,25.03250797,0,0,1,0,0,30,1053,35.1,264,8.8,1053,35.1,4,0.133333333,335.1333333,192.5,0,0,0,0,1,3,0.833333333,61.20017,1.320158429,4,2,0,0,0,0,1,0,1,12.19372324
benawad,29057,4,256,137,4265.079429,8.596651484,1,1,1,0,0,30,1132,37.73333333,449,14.96666667,1132,37.73333333,150,5,1081.966667,180,0.066666667,0,0,0,0.933333333,5,0.464285714,73.69629269,1.037704725,0,0,0,0,0,0,0,0,0,0
benbalter,10324,149,249,60,5748.882751,149.8889547,1,1,1,0,1,30,324,10.8,340,11.33333333,324,10.8,206,6.866666667,9330.966667,491,0.1,0.366666667,0,0.4,0.933333333,9,0.28,0.850528799,4.057843614,30,7,1,0,10,2,0,0,3,2.901871392
BEPb,24599,26220,43,0,2295.422114,3.169892225,1,1,1,1,0,30,4539,151.3,1061,35.36666667,4539,151.3,22,0.733333333,100680.6667,2183.5,0.033333333,0,0,0,0.933333333,7,0.538461538,0.232473244,0.425713984,0,0,0,0,0,0,0,0,0,0
bojone,12323,0,108,0,4143.615783,381.3368598,1,0,1,0,0,30,10267,342.2333333,2113,70.43333333,10267,342.2333333,235,7.833333333,3364.2,20.5,0.2,0,0,0,0.8,2,0.96,444.3694524,1.243885281,5,0,0,0,0,5,0,0,0,7.029533429
bradfitz,13133,41,157,65,6551.528804,17.14653574,1,1,1,0,0,30,2311,77.03333333,227,7.566666667,2311,77.03333333,25,0.833333333,20399.8,110.5,0.266666667,0.166666667,0,0,0.633333333,7,0.68,25.94175565,2.117797318,30,4,3,6,3,7,1,0,0,0.070112133
bradtraversy,75528,9,310,51,4524.092832,13.04042463,1,1,1,1,0,30,43782,1459.4,14119,470.6333333,43782,1459.4,133,4.433333333,3335.133333,261,0.066666667,0,0,0,0.866666667,7,0.428571429,107.9985959,0.290112133,1,0,0,0,0,1,0,0,0,13.03565611
breakwa11,13205,0,8,0,4203.335737,1333.506316,1,0,0,0,0,8,3762,470.25,1050,131.25,3762,470.25,60,7.5,1114.125,204.5,0.25,0,0,0,0.75,4,0.5,1839.573746,2.143572781,0,0,0,0,0,0,0,0,0,0
brianyu28,13938,15,38,0,3730.433492,5.205598244,1,0,1,0,0,30,260,8.666666667,87,2.9,260,8.666666667,7,0.233333333,3007.966667,450.5,0,0.066666667,0,0.166666667,1,8,0.275862069,94.76574871,6.742623707,0,0,0,0,0,0,0,0,0,0
brunosimon,21416,0,82,5,4538.753492,343.2321723,0,1,1,1,0,30,6106,203.5333333,1307,43.56666667,6106,203.5333333,56,1.866666667,171935.5,55593.5,0.033333333,0,0,0.066666667,0.966666667,4,0.655172414,8.310262596,0.218109818,30,20,0,0,8,2,0,0,0,0.715436207
btholt,13382,77,173,12,5289.026432,6.957959355,1,0,1,0,0,30,6432,214.4,3971,132.3666667,6432,214.4,284,9.466666667,5162.033333,1569.5,0.166666667,0,0,0.466666667,0.8,5,0.730769231,3.725378336,0.04371167,5,4,0,0,0,0,1,0,0,3.72564454
buckyroberts,27060,22,45,23,4191.052809,4.978676947,0,1,1,0,0,30,3284,109.4666667,2436,81.2,3284,109.4666667,69,2.3,342.9,70.5,0,0,0,0,1,5,0.620689655,693.0966515,1.227600559,30,9,10,0,7,0,4,0,0,0.038341299
BurntSushi,11825,3,181,6,5589.038341,24.01611926,1,1,1,0,0,30,5240,174.6666667,470,15.66666667,5240,174.6666667,74,2.466666667,4935.9,337.5,0.4,0,0,0,0.6,7,0.52173913,1.752693334,1.686165556,30,7,4,5,6,2,1,0,0,1.104684074
bvaughn,11581,1,169,65,6328.697138,3.183908641,1,1,1,0,0,30,669,22.3,89,2.966666667,669,22.3,21,0.7,54222.06667,1290,0.6,0,0,0.1,0.366666667,3,0.869565217,150.8591285,19.9550429,30,8,2,0,4,9,1,0,0,0.117079937
BYVoid,12664,134,44,13,5783.432288,8.18311003,0,0,1,1,0,30,10297,343.2333333,1229,40.96666667,10297,343.2333333,278,9.266666667,6483.566667,368.5,0.366666667,0,0,0.1,0.633333333,13,0.291666667,17.79287855,0.881107715,30,15,4,3,0,2,1,0,0,15.40543642
campusx-official,10878,0,223,3,2394.540876,96.17586466,1,1,1,0,0,30,3387,112.9,3086,102.8666667,3387,112.9,93,3.1,4400.566667,449.5,0.533333333,0,0,0,0.466666667,4,0.615384615,14.36643179,0.072508178,13,8,0,0,0,0,2,3,0,1.221802159
cassidoo,14585,105,184,57,5108.050923,1.556269752,1,1,1,0,1,30,1415,47.16666667,169,5.633333333,1415,47.16666667,45,1.5,7163.033333,358.5,0.333333333,0,0,0.066666667,0.666666667,5,0.4,5.471512807,3.501200307,30,12,0,0,10,6,0,0,2,0.482994289
Charles-Chrismann,15803,28,27,0,1843.14701,11.14711466,1,1,1,1,0,27,335,12.40740741,28,1.037037037,335,12.40740741,0,0,259676.8148,120,0.074074074,0,0,0,0.925925926,4,0.454545455,0.120934104,0.120899381,30,30,0,0,0,0,0,0,0,0.12092253
chenshuo,10836,8,55,42,5804.037763,1.868989659,0,1,1,0,0,30,17369,578.9666667,5789,192.9666667,17369,578.9666667,96,3.2,53481.36667,1497.5,0.366666667,0,0,0.1,0.6,7,0.5,3.918677159,0.394174844,5,4,0,0,0,0,0,1,0,1.869406326
chiphuyen,21791,6,30,1,3956.020506,37.71799429,1,0,1,1,0,30,53101,1770.033333,11028,367.6,53101,1770.033333,179,5.966666667,34427.16667,3632.5,0.533333333,0.033333333,0,0.066666667,0.466666667,4,0.565217391,106.0873924,0.060193363,30,0,0,0,0,0,0,0,30,17.93694105
chrisbanes,18871,4,54,22,5808.872196,16.79650123,0,1,1,0,0,30,25270,842.3333333,8051,268.3666667,25270,842.3333333,189,6.3,97501.43333,1323,0.6,0.2,0,0.1,0.266666667,8,0.4,1.997427159,0.053758178,30,10,6,0,0,1,1,0,3,0.1422304
chriscoyier,10955,290,58,155,6163.746351,30.05569105,1,1,1,1,0,30,633,21.1,133,4.433333333,633,21.1,5,0.166666667,27168,136,0.2,0,0,0.1,0.766666667,8,0.296296296,82.04864244,32.46599197,11,4,2,0,0,0,1,0,4,3.643121604
ChristianLempa,11340,36,14,0,3208.99995,26.44100355,1,1,1,0,0,14,16374,1169.571429,4175,298.2142857,16374,1169.571429,70,5,3247.714286,276.5,0.071428571,0,0,0.142857143,0.857142857,6,0.3,0.534533641,0.116779011,30,8,0,22,0,0,0,0,0,0.534510493
ChrisTitusTech,14360,36,83,22,4261.927242,1.990772223,1,1,1,0,0,30,4343,144.7666667,1690,56.33333333,4343,144.7666667,73,2.433333333,70146.93333,3392,0.266666667,0.066666667,0,0.033333333,0.733333333,12,0.260869565,0.112936575,0.090899538,30,12,3,7,6,2,0,0,0,0.619186575
cloudwu,21576,2,138,67,5420.078122,7.597612501,1,1,1,0,0,30,4479,149.3,1235,41.16666667,4479,149.3,17,0.566666667,10137.46667,71.5,0.2,0.2,0,0.033333333,0.8,5,0.655172414,29.5673,0.47800602,30,9,0,8,0,5,0,0,0,3.080540742
Code-Bullet,13897,0,25,0,2929.365089,83.62342269,1,0,0,0,0,25,4853,194.12,1639,65.56,4853,194.12,156,6.24,47545.4,219,0,0,0,0.24,1,4,0.47826087,689.4431449,1.235494446,0,0,0,0,0,0,0,0,0,0
codediodeio,23036,89,65,39,4081.68245,11.75675602,1,1,1,0,0,30,3328,110.9333333,1786,59.53333333,3328,110.9333333,651,21.7,11137.4,330,0.433333333,0,0,0,0.566666667,7,0.518518519,542.7733069,0.158874075,0,0,0,0,0,0,0,0,0,0
CodeWithHarry,39469,0,40,3,2524.551085,101.1161657,0,0,0,0,0,30,16140,538,6254,208.4666667,16140,538,593,19.76666667,5995.966667,225.5,0.133333333,0,0,0.033333333,0.866666667,5,0.444444444,101.1167792,0.071929631,0,0,0,0,0,0,0,0,0,0
codingforentrepreneurs,16962,1,223,21,4246.824545,16.90807546,1,1,1,0,0,30,3928,130.9333333,2118,70.6,3928,130.9333333,111,3.7,4498.4,270,0,0,0,0,0.966666667,7,0.357142857,14.7141287,0.34644352,30,29,0,0,0,0,1,0,0,14.71411713
CoreyMSchafer,13370,5,21,7,4700.201953,205.8274852,0,0,1,1,0,21,11845,564.047619,18183,865.8571429,11845,564.047619,132,6.285714286,10557.38095,223,0.047619048,0,0,0.047619048,0.952380952,6,0.55,10.44365417,0.481142594,6,0,0,0,0,0,6,0,0,10.44365417
craftzdog,11541,60,161,34,5143.536212,29.2463162,1,1,1,1,0,30,241,8.033333333,51,1.7,241,8.033333333,8,0.266666667,15633.83333,257.5,0.833333333,0,0,0,0.166666667,8,0.304347826,396.8102977,48.92830695,30,22,1,0,0,1,2,0,3,3.59519352
cumsoft,18386,175525,8,53,1499.973805,473.1152514,1,1,0,1,0,8,308,38.5,35,4.375,308,38.5,2,0.25,8242.625,2603.5,0,0.75,0,0,0.875,1,1,473.1006449,24.32873519,0,0,0,0,0,0,0,0,0,0
CyC2018,14731,5,7,0,2928.365413,20.99740417,0,1,1,0,0,7,190477,27211,53215,7602.142857,190477,27211,233,33.28571429,29211,2781,0,0,0,0.571428571,1,4,0.4,542.339962,0.078133334,0,0,0,0,0,0,0,0,0,0
daimajia,24918,273,92,10,4878.631675,50.72977685,1,0,1,0,0,30,39280,1309.333333,8785,292.8333333,39280,1309.333333,939,31.3,9217.166667,1716,0.6,0,0,0,0.4,7,0.590909091,24.32189491,0.470135649,7,1,0,0,0,0,0,0,6,0.369198149
danielmiessler,14119,124,77,14,6223.524754,3.35275139,1,1,1,0,0,30,40427,1347.566667,4250,141.6666667,40427,1347.566667,32,1.066666667,6393.933333,100,0.2,0,0,0.033333333,0.8,5,0.5,1.623341668,0.168468983,30,7,2,0,6,15,0,0,0,0.899661112
davidfowl,14116,9,282,176,6089.807369,3.104545372,1,1,1,0,1,30,979,32.63333333,123,4.1,979,32.63333333,20,0.666666667,7963.1,179,0.366666667,0,0,0,0.633333333,5,0.826086957,17.74021667,0.957948149,30,10,1,6,2,4,0,0,0,0.848781483
defunkt,22627,215,107,274,6692.517636,189.9383881,1,0,1,0,0,30,8646,288.2,1524,50.8,8646,288.2,138,4.6,1742.433333,211.5,0.233333333,0,0,0.166666667,0.4,6,0.607142857,723.0038974,1.236327962,1,0,0,0,0,0,0,0,1,14.6677863
developedbyed,20440,4,20,0,3102.955228,19.20051778,1,1,1,1,0,20,3340,167,2405,120.25,3340,167,82,4.1,14179.05,516.5,0.05,0,0,0.1,0.95,5,0.4,185.938203,1.244568703,0,0,0,0,0,0,0,0,0,0
developit,12939,378,343,229,6058.39421,16.6355988,1,1,1,0,0,30,668,22.26666667,28,0.933333333,668,22.26666667,16,0.533333333,53740.73333,399,0.766666667,0,0,0.066666667,0.266666667,4,0.782608696,1102.630518,36.73703398,28,0,2,10,0,1,0,0,12,1.03041361
diego3g,32605,89,75,166,4915.252578,199.8646844,1,1,1,0,0,30,3405,113.5,1030,34.33333333,3405,113.5,119,3.966666667,1112.5,136,0.133333333,0,0,0.033333333,0.833333333,3,0.782608696,449.8741405,6.115344166,0,0,0,0,0,0,0,0,0,0
DIYgod,15654,447,93,3,4222.348458,3.455969166,1,1,1,0,0,30,8601,286.7,1290,43,8601,286.7,243,8.1,14535.53333,544.5,0.366666667,0.333333333,0,0.233333333,0.633333333,6,0.523809524,0.041594166,0.041547869,30,8,10,0,0,0,4,0,2,0.051733054
django,9247,0,30,0,6339.92112,27.22475389,0,0,1,0,0,30,103237,3441.233333,37218,1240.6,103237,3441.233333,1203,40.1,22783.5,357.5,0.066666667,0.1,0,0.066666667,0.966666667,5,0.8,22.96176778,22.85110805,0,0,0,0,0,0,0,0,0,0
dmalan,35650,6,22,3,5389.605552,1.804950647,1,1,1,1,0,22,719,32.68181818,201,9.136363636,719,32.68181818,2,0.090909091,92614.13636,674,0.545454545,0.045454545,0,0,0.227272727,4,0.5,745.0921381,1.227786295,4,4,0,0,0,0,0,0,0,4.53572611
donnemartin,23322,5,27,0,4536.086143,107.3344993,1,1,1,1,0,27,434575,16095.37037,71610,2652.222222,434575,16095.37037,921,34.11111111,8623.259259,1468,0.111111111,0,0,0.222222222,0.888888889,7,0.48,103.2384344,0.044661295,2,0,0,0,0,0,0,0,2,8.27791361
douglascrockford,21929,2,20,0,5766.78465,38.93746222,1,1,1,0,0,20,12570,628.5,5037,251.85,12570,628.5,8,0.4,589.1,62.5,0.1,0,0,0,0.85,4,0.5625,38.92179092,0.946212221,2,0,1,0,0,1,0,0,0,19.1921613
draveness,13194,28,50,27,4404.0609,11.59986963,1,1,1,0,0,30,14323,477.4333333,2679,89.3,14323,477.4333333,74,2.466666667,153001.6333,430,0.433333333,0.1,0,0,0.5,9,0.333333333,968.8182608,0.517300184,1,0,0,0,0,0,0,0,1,15.07359648
easychen,12160,32,258,20,5160.338759,52.59146685,0,1,1,0,0,30,1866,62.2,172,5.733333333,1866,62.2,28,0.933333333,22227.43333,1743,0.4,0.033333333,0,0.133333333,0.6,6,0.411764706,1.690436758,1.225876573,30,7,0,0,3,2,1,1,16,0.475969166
egoist,13216,25,806,161,4169.82039,4.201246943,1,1,1,1,0,30,678,22.6,96,3.2,678,22.6,46,1.533333333,169.9666667,12,0.033333333,0.066666667,0,0.133333333,0.933333333,6,0.5,92.66691824,6.265598795,14,9,0,0,1,3,0,0,0,0.165483054
elder-plinius,10678,0,43,0,1011.919129,0.03953398,1,1,1,0,0,30,31544,1051.466667,4946,164.8666667,31544,1051.466667,127,4.233333333,1020.433333,35,0.066666667,0,0,0.166666667,0.933333333,4,0.6875,3.786964536,0.046339536,8,7,0,0,0,0,0,0,0,3.786952962
Elfocrash,11759,0,49,2,4229.345367,4.901837402,1,0,1,0,0,30,9026,300.8666667,1282,42.73333333,9026,300.8666667,51,1.7,315790.8667,455.5,0.366666667,0.033333333,0,0.033333333,0.633333333,5,0.611111111,113.0502518,0.180957773,0,0,0,0,0,0,0,0,0,0
elidianaandrade,12408,122,7,0,1495.975703,2.354325828,1,0,0,1,0,7,12126,1732.285714,3456,493.7142857,12126,1732.285714,97,13.85714286,1097.285714,1139,0.285714286,0,0,0.142857143,0.285714286,3,0.6,127.1653212,0.780691569,0,0,0,0,0,0,0,0,0,0
elyxdev,26672,0,14,0,817.784268,439.3851013,1,0,0,1,0,14,160,11.42857143,4059,289.9285714,160,11.42857143,4,0.285714286,29904.78571,75.5,0.071428571,0,0.142857143,0.071428571,0.857142857,4,0.692307692,41.70807583,9.509024902,4,4,0,0,0,0,0,0,0,19.44449944
engindemirog,10800,0,73,0,4078.337659,26.43897861,0,0,0,0,0,30,664,22.13333333,71,2.366666667,664,22.13333333,1,0.033333333,96.5,56,0,0,0,0,1,5,0.517241379,4.227346662,1.791605921,7,2,0,0,0,0,5,0,0,4.227022588
ErickWendel,10725,96,329,84,4244.082717,73.02565685,1,1,1,1,0,30,515,17.16666667,73,2.433333333,515,17.16666667,17,0.566666667,2797.966667,19.5,0.133333333,0,0,0.033333333,0.8,7,0.592592593,918.1668953,5.930957773,10,0,0,0,0,1,0,0,9,2.061825828
esin,18108,190879,52,9,6162.241606,14.86673324,1,0,1,0,0,30,582,19.4,41,1.366666667,582,19.4,2,0.066666667,25775.76667,33.5,0.333333333,0.033333333,0,0.1,0.533333333,5,0.333333333,57.95605037,24.32489296,2,0,0,0,0,0,0,0,2,10.5412587
eust-w,14885,40,157,1,2838.445842,38.08653648,1,0,1,1,0,30,77,2.566666667,16,0.533333333,77,2.566666667,1,0.033333333,40789.9,5467,0.8,0,0,0,0.2,3,0.6,47.42676796,24.32606194,8,0,0,0,0,0,0,0,8,8.371814254
evanw,13938,36,125,20,5627.834488,186.0708305,0,0,1,0,0,30,42004,1400.133333,1637,54.56666667,42004,1400.133333,625,20.83333333,7996.666667,140,0.166666667,0,0,0.166666667,0.833333333,11,0.433333333,8.823492495,0.219673051,30,15,2,1,5,5,0,0,1,1.104059625
f,10366,156,276,88,5854.364488,20.63861981,1,1,1,0,0,30,465,15.5,118,3.933333333,465,15.5,39,1.3,3239.433333,327.5,0.833333333,0,0,0,0.133333333,7,0.5,4.143480921,3.376235551,30,15,0,0,2,4,4,0,4,0.949476291
fabpot,13350,0,84,12,6237.171432,4.786316569,1,1,1,0,0,30,229,7.633333333,46,1.533333333,229,7.633333333,1,0.033333333,15410.96667,710.5,0.833333333,0,0,0.033333333,0.133333333,5,0.764705882,8.38174481,8.270598976,30,12,2,5,0,5,1,0,0,0.16893231
facebook,34046,0,161,12,6162.593296,413.8608883,1,0,1,0,0,30,213350,7111.666667,45680,1522.666667,213350,7111.666667,4196,139.8666667,142197.7667,6147.5,0.033333333,0.133333333,0,0.366666667,0.9,14,0.178571429,22.85960361,22.88133972,0,0,0,0,0,0,0,0,0,0
fchollet,17786,0,16,10,5429.391733,13.22056425,0,0,1,0,0,16,36350,2271.875,13302,831.375,36350,2271.875,371,23.1875,45182.25,3850.5,0.5,0,0,0.0625,0.5,4,0.75,149.5257263,0.289881384,0,0,0,0,0,0,0,0,0,0
fengdu78,13750,16,17,0,3272.077671,2.635205458,1,0,1,0,0,17,89658,5274,28663,1686.058824,89658,5274,195,11.47058824,123172.5882,28776,0.529411765,0,0,0.117647059,0.470588235,3,0.5,142.1070689,0.165124439,0,0,0,0,0,0,0,0,0,0
feross,14771,297,148,16,6010.488527,40.67109666,1,1,1,0,0,30,5513,183.7666667,578,19.26666667,5513,183.7666667,132,4.4,4025.9,87,0.1,0.033333333,0,0.033333333,0.9,5,0.84,109.7193606,0.966605921,0,0,0,0,0,0,0,0,0,0
filipedeschamps,39177,7595,22,0,4678.993319,11.9265712,1,0,1,0,0,22,14450,656.8181818,2319,105.4090909,14450,656.8181818,287,13.04545455,7704.909091,877,0.272727273,0,0,0.090909091,0.681818182,6,0.647058824,1.958735551,0.624638328,12,4,1,0,0,2,1,0,1,1.958735551
florinpop17,15457,35,100,44,4381.902787,23.16956907,1,1,1,1,0,30,93442,3114.733333,11263,375.4333333,93442,3114.733333,637,21.23333333,2542.5,109,0.266666667,0,0,0.066666667,0.7,4,0.5,121.4352288,0.038052867,0,0,0,0,0,0,0,0,0,0
ForrestKnight,15362,4,42,0,3756.789858,5.033157034,1,0,1,1,0,30,26153,871.7666667,4902,163.4,26153,871.7666667,82,2.733333333,11428.26667,264,0.166666667,0,0,0.033333333,0.833333333,10,0.32,0.406050552,0.074615367,2,2,0,0,0,0,0,0,0,9.80970796
fouber,11289,77,172,9,5530.11509,15.32931444,0,1,1,0,0,30,22738,757.9333333,2381,79.36666667,22738,757.9333333,37,1.233333333,29024.23333,650,0.766666667,0,0,0.133333333,0.233333333,7,0.411764706,378.5124626,1.232069071,0,0,0,0,0,0,0,0,0,0
frontend-joe,10826,2,99,0,2230.804789,43.17556444,0,0,1,0,0,30,1809,60.3,472,15.73333333,1809,60.3,7,0.233333333,7488.833333,764.5,0,0,0,0,1,3,0.566666667,7.818527404,0.685494997,14,11,0,0,0,0,3,0,0,2.856501941
gaearon,90358,174,294,82,5378.979997,11.22195333,0,0,1,0,0,30,1590,53,150,5,1590,53,63,2.1,4493.1,402.5,0.933333333,0.033333333,0,0.033333333,0.133333333,3,0.882352941,1.154974163,6.095819071,30,2,5,1,4,12,2,0,3,0.10783296
gamemann,28399,89774,176,11,4401.79627,55.02020564,1,1,1,0,0,30,349,11.63333333,15,0.5,349,11.63333333,3,0.1,1185.166667,51,0.166666667,0.233333333,0,0,0.766666667,10,0.363636364,54.79600426,24.33003203,30,16,0,0,0,2,1,0,11,0.850194071
geerlingguy,26269,64,309,57,5570.609002,11.53877046,1,1,1,0,0,30,14201,473.3666667,5660,188.6666667,14201,473.3666667,227,7.566666667,5680.666667,50.5,0.1,0.233333333,0,0,0.933333333,7,0.277777778,6.864557497,1.05414083,30,17,0,0,4,6,1,0,2,0.889557497
geohot,45964,0,100,31,6152.596375,17.19721953,1,1,1,0,0,30,5352,178.4,972,32.4,5352,178.4,98,3.266666667,64108.8,136.5,0.3,0.033333333,0,0,0.7,9,0.384615385,71.41899037,0.052670923,30,9,9,0,0,5,4,0,0,0.473284348
george0st,13481,75029,26,0,1528.276294,6.861663978,1,0,0,0,0,26,2639,101.5,81,3.115384615,2639,101.5,0,0,56520.88462,4119,0.653846154,0,0,0,0.307692308,5,0.692307692,89.45208064,0.332821386,20,0,0,0,0,0,0,0,20,13.08162926
getify,45028,3,75,411,5942.453724,27.09731213,1,1,1,1,0,30,23230,774.3333333,2384,79.46666667,23230,774.3333333,121,4.033333333,15565.03333,179,0.1,0.5,0,0.033333333,0.866666667,3,0.916666667,0.837022774,0.978666293,30,7,2,0,12,8,0,0,1,0.460460274
ggerganov,18717,13,71,10,4960.213886,40.14426814,1,1,1,0,0,30,9380,312.6666667,645,21.5,9380,312.6666667,93,3.1,20318.16667,551.5,0.3,0,0,0.033333333,0.7,10,0.56,14.15902509,1.234939441,30,8,5,7,0,6,1,0,0,0.0791987
gitdagray,13119,1,175,27,3083.62502,1.125471848,1,0,1,0,0,30,3238,107.9333333,2391,79.7,3238,107.9333333,90,3,3686.233333,64.5,0.1,0,0,0,0.9,6,0.5,4.917844534,1.138747311,4,4,0,0,0,0,0,0,0,4.91783296
goodfeli,14621,4,19,0,5641.780599,71.87265953,0,0,1,0,0,19,8395,441.8421053,2371,124.7894737,8395,441.8421053,24,1.263157895,49926,351,0.473684211,0,0,0,0.526315789,3,0.8125,71.74918731,0.168434994,0,0,0,0,0,0,0,0,0,0
google,66459,0,2825,0,5141.680148,230.9106804,1,0,1,0,0,30,22706,756.8666667,2692,89.73333333,22706,756.8666667,362,12.06666667,10871,194.5,0,0.6,0,0.2,0.9,12,0.185185185,22.84784472,22.84768268,0,0,0,0,0,0,0,0,0,0
gopinav,15693,1,81,3,3880.478435,148.5168493,1,1,0,0,0,30,1591,53.03333333,1867,62.23333333,1591,53.03333333,143,4.766666667,2812.133333,115.5,0.2,0,0,0,0.8,3,0.47826087,155.0314327,0.414372494,5,0,0,0,0,0,0,0,5,15.14881694
guido,17,121,13,0,6168.054974,55.41513638,0,1,0,0,0,13,24,1.846153846,0,0,24,1.846153846,29,2.230769231,4719.153846,109,0.307692308,0,0,0,0.692307692,4,0.428571429,1115.349488,227.1531688,0,0,0,0,0,0,0,0,0,0
gustavoguanabara,109311,3,8,0,4178.578389,187.1401595,1,1,1,0,0,8,28781,3597.625,6564,820.5,28781,3597.625,3902,487.75,44824.75,118.5,0,0,0,0.5,1,2,0.75,187.1087475,0.039164161,0,0,0,0,0,0,0,0,0,0
gvanrossum,25653,5,27,12,4827.960449,3.945205827,0,1,1,0,0,27,2519,93.2962963,247,9.148148148,2519,93.2962963,98,3.62962963,26585.85185,181,0.555555556,0.148148148,0,0.037037037,0.444444444,6,0.625,68.05231231,5.629384068,29,5,1,13,0,1,1,0,0,0.876247494
hadley,26514,0,220,183,6528.126467,32.68831925,1,1,1,0,0,30,3526,117.5333333,1931,64.36666667,3526,117.5333333,214,7.133333333,6523.733333,783,0.133333333,0,0,0.2,0.833333333,5,0.772727273,0.708863235,0.236698883,30,8,5,1,4,3,3,2,0,0.773816938
hakimel,12687,28,31,19,5472.427764,103.3017915,1,1,1,0,0,30,95001,3166.7,21047,701.5666667,95001,3166.7,975,32.5,4525.6,110,0.3,0,0,0.066666667,0.566666667,4,0.590909091,5.189465086,0.09029842,13,12,0,0,0,1,0,0,0,5.189465086
halfrost,17417,364,34,0,4029.44994,15.92885166,1,1,1,0,0,30,48405,1613.5,8189,272.9666667,48405,1613.5,850,28.33333333,45208.06667,9419.5,0.433333333,0,0,0.033333333,0.566666667,11,0.423076923,98.62616648,0.892717401,3,0,0,0,0,0,0,1,2,2.776594716
haoel,12722,32,24,6,5282.155843,219.0131805,1,1,1,0,0,24,31875,1328.125,7151,297.9583333,31875,1328.125,244,10.16666667,21243,1043,0.625,0,0,0.041666667,0.416666667,9,0.411764706,759.0601018,0.153365667,0,0,0,0,0,0,0,0,0,0
hiteshchoudhary,54847,0,118,5,3981.198817,8.998643445,1,0,1,0,0,30,33610,1120.333333,5193,173.1,33610,1120.333333,515,17.16666667,2050.2,166,0,0,0,0,1,7,0.535714286,33.30966196,0.085194371,17,6,4,0,0,0,7,0,0,0.141699001
hkirat,23773,117,155,6,4241.363956,17.19885178,0,0,0,0,0,30,3097,103.2333333,926,30.86666667,3097,103.2333333,64,2.133333333,48513.43333,3085.5,0.5,0,0,0.166666667,0.5,8,0.391304348,74.24654854,1.244835575,17,7,1,0,0,2,4,1,1,0.909465204
hongyangAndroid,13019,35,102,9,4037.447197,6.454604093,1,1,1,1,0,30,21997,733.2333333,6960,232,21997,733.2333333,400,13.33333333,5159.7,1882.5,0.5,0,0,0,0.466666667,3,0.894736842,809.0994652,1.022752241,0,0,0,0,0,0,0,0,0,0
htr-tech,12387,15,31,4,2312.242255,20.07894437,1,0,1,0,0,30,9313,310.4333333,1556,51.86666667,9313,310.4333333,113,3.766666667,3038.166667,200,0.033333333,0.3,0,0.133333333,0.833333333,5,0.379310345,109.1220462,0.281745297,5,0,0,0,0,0,0,0,5,0.142474464
iam-veeramalla,29223,1,85,16,2705.493644,6.174314806,1,1,1,0,0,30,23101,770.0333333,31601,1053.366667,23101,770.0333333,263,8.766666667,16298,176.5,0.333333333,0,0,0,0.666666667,10,0.277777778,25.28449999,0.066583325,30,30,0,0,0,0,0,0,0,9.300067121
iampawan,11523,2,254,10,3916.67009,4.383840269,1,1,1,1,0,30,1261,42.03333333,645,21.5,1261,42.03333333,71,2.366666667,6589.866667,469,0.4,0.033333333,0,0,0.6,8,0.52173913,144.1585162,1.236976843,8,8,0,0,0,0,0,0,0,8.043145825
iamshaunjp,32301,1,147,2,4105.464812,5.402694436,1,1,1,1,0,30,4480,149.3333333,3916,130.5333333,4480,149.3333333,96,3.2,403.2,88,0,0,0,0,1,4,0.461538462,29.31158332,0.361652769,1,0,0,0,0,0,0,0,0,58.0584699
ibireme,12244,62,23,2,5364.475889,8.991606473,0,0,0,0,0,23,41811,1817.869565,9050,393.4782609,41811,1817.869565,1368,59.47826087,15422.26087,4557,0.086956522,0,0,0.173913043,0.913043478,4,0.619047619,4.082694436,1.058921288,5,3,0,0,0,2,0,0,0,4.082694436
idimetrix,15084,238042,4275,12,4399.077324,5.494349528,1,1,1,1,0,30,1,0.033333333,0,0,1,0.033333333,0,0,62076.26667,13979.5,1,0,0,0,0,0,0,468.8842801,133.8087361,18,3,11,0,0,0,0,0,3,5.432682862
IDouble,49604,501834,61,2,3607.356595,0.30932638,1,1,1,0,0,30,2371,79.03333333,382,12.73333333,2371,79.03333333,55,1.833333333,22766.86667,2926.5,0.266666667,0,0,0.233333333,0.733333333,10,0.214285714,5.229685177,0.092324065,2,2,0,0,0,0,0,0,0,5.229685177
in28minutes,15192,0,105,3,3815.152602,95.68446536,1,1,1,1,0,30,7858,261.9333333,13031,434.3666667,7858,261.9333333,133,4.433333333,53808.7,1733,0.066666667,0,0,0,0.933333333,4,0.705882353,25.65719684,0.126027856,29,20,0,8,0,0,1,0,0,12.41204637
isaacs,15961,4,481,1343,6494.920796,3.043423689,1,0,1,0,0,30,319,10.63333333,78,2.6,319,10.63333333,16,0.533333333,26476.43333,264.5,0.5,0.233333333,0,0.4,0.466666667,9,0.482758621,1.957370448,1.957324152,30,16,3,3,2,2,1,0,0,0.925796374
jackfrued,17053,7,138,0,4305.114986,69.55618989,1,0,1,0,0,30,209,6.966666667,103,3.433333333,209,6.966666667,0,0,74027.2,9551,0.966666667,0,0,0,0.033333333,4,0.5,317.9513751,47.65647924,30,14,0,0,11,2,0,0,3,1.185981559
JacksonTian,21348,208,272,77,5699.626919,114.0117802,0,1,0,0,0,30,1703,56.76666667,310,10.33333333,1703,56.76666667,12,0.4,3263.3,217.5,0.6,0,0,0,0.4,5,0.769230769,5.403493133,22.41977786,4,4,0,0,0,0,0,0,0,9.502983874
jadijadi,22578,58,106,9,5162.097544,0.058273226,1,0,1,1,0,30,2361,78.7,353,11.76666667,2361,78.7,60,2,39402.36667,6204.5,0.6,0,0,0.1,0.4,8,0.333333333,73.71112045,3.338122763,30,17,4,3,0,1,3,0,0,4.933770911
jakearchibald,11490,4,247,94,6094.136722,3.090865819,0,0,0,0,0,30,515,17.16666667,105,3.5,515,17.16666667,29,0.966666667,13287.6,210.5,0.4,0,0,0.133333333,0.6,7,0.541666667,32.08144452,116.1270464,30,16,0,0,2,11,0,0,0,1.164928319
jakevdp,18999,6,239,68,5393.131827,68.00858582,1,1,1,0,0,30,519,17.3,235,7.833333333,519,17.3,2,0.066666667,11853,627,0.6,0,0,0,0.4,6,0.5,273.5757618,2.813007121,30,3,4,9,1,2,1,0,0,0.069835825
JakeWharton,68172,9,149,54,6171.069327,9.587000177,0,0,1,0,0,30,38197,1273.233333,8791,293.0333333,38197,1273.233333,295,9.833333333,39236.6,604,0.133333333,0.533333333,0,0.166666667,0.7,6,0.461538462,0.946907584,0.108944621,30,14,0,2,0,2,0,0,0,0.519095084
jart,11230,126,228,66,6228.55494,83.92857425,0,0,1,0,0,30,8124,270.8,338,11.26666667,8124,270.8,61,2.033333333,44469,6433.5,0.766666667,0,0,0.033333333,0.233333333,6,0.576923077,65.98938444,1.200784899,28,6,0,11,1,7,0,0,2,1.864974714
jashkenas,13330,0,23,388,6525.860391,30.90414138,1,0,1,0,0,23,78621,3418.304348,13798,599.9130435,78621,3418.304348,335,14.56521739,7645.478261,513,0.304347826,0,0,0.347826087,0.652173913,6,0.428571429,16.79584277,0.55496314,0,0,0,0,0,0,0,0,0,0
JeffreyWay,17211,0,67,161,5873.873239,15.96215064,1,1,1,0,0,30,1181,39.36666667,400,13.33333333,1181,39.36666667,92,3.066666667,9096.233333,892,0.5,0,0,0.033333333,0.5,4,0.631578947,168.9571622,10.30106268,0,0,0,0,0,0,0,0,0,0
jeresig,18979,30,111,20,6561.04259,9.22476638,1,1,1,0,0,30,130,4.333333333,38,1.266666667,130,4.333333333,16,0.533333333,1132.933333,100.5,0.766666667,0.033333333,0,0.066666667,0.133333333,6,0.444444444,749.5783312,87.3101599,30,23,0,3,0,0,0,0,4,2.176178417
jessfraz,13570,60,148,27,5111.649049,69.22401407,1,1,1,0,0,30,1998,66.6,347,11.56666667,1998,66.6,70,2.333333333,34592.6,24153,0.666666667,0,0,0,0.133333333,9,0.535714286,0.77152564,0.771490917,30,14,0,6,0,1,0,0,0,0.767254806
jhaddix,11330,2,77,15,4756.530912,41.16750944,1,0,1,1,0,30,1912,63.73333333,587,19.56666667,1912,63.73333333,24,0.8,3529.6,200,0.833333333,0,0,0.033333333,0.166666667,8,0.357142857,129.0661437,0.49340064,10,9,0,0,0,0,0,0,0,8.359245547
jlord,16550,30,171,45,5154.600588,16.23299555,1,0,1,0,0,30,192,6.4,57,1.9,192,6.4,11,0.366666667,11945.4,295,0.466666667,0,0,0.2,0.533333333,5,0.583333333,1586.872729,150.4914446,0,0,0,0,0,0,0,0,0,0
john-smilga,20685,0,262,0,2749.459257,18.14524092,1,1,1,0,0,30,502,16.73333333,272,9.066666667,502,16.73333333,67,2.233333333,2064.366667,1091,0.066666667,0,0,0,0.933333333,4,0.464285714,0.92402564,8.15371314,0,0,0,0,0,0,0,0,0,0
JohnHammond,12486,13,73,33,4428.930646,37.80086592,1,0,1,0,0,30,3850,128.3333333,722,24.06666667,3850,128.3333333,296,9.866666667,1635.266667,41,0.4,0,0.033333333,0,0.6,7,0.619047619,475.5543613,0.679835825,0,0,0,0,0,0,0,0,0,0
JohnMwendwa,35051,38294,112,1,1953.069199,7.287983973,1,1,1,1,0,30,781,26.03333333,23,0.766666667,781,26.03333333,3,0.1,450.5,184.5,0,0.033333333,0,0.4,1,4,0.517241379,551.8813173,2.226433047,0,0,0,0,0,0,0,0,0,0
johnpapa,15374,1,154,58,5203.031017,28.71857443,1,1,1,0,1,30,26451,881.7,6140,204.6666667,26451,881.7,242,8.066666667,9522.8,1070,0.333333333,0.133333333,0,0,0.633333333,3,0.571428571,184.0723939,1.01886378,17,2,0,0,0,13,1,0,0,16.10065776
jonasschmedtmann,28425,0,7,1,3579.272683,61.0572087,1,0,1,0,0,7,32764,4680.571429,31801,4543,32764,4680.571429,519,74.14285714,27012.42857,12995,0.142857143,0,0,0,0.857142857,5,0.428571429,431.2580652,0.067984162,2,0,0,0,0,1,0,0,1,6.206248051
jonhoo,13230,5,263,48,5884.946514,0.741699451,1,1,1,0,0,30,1669,55.63333333,123,4.1,1669,55.63333333,44,1.466666667,15657.83333,251,0.433333333,0,0,0.033333333,0.566666667,4,0.782608696,2.387694822,1.154627692,30,16,6,1,0,4,3,0,0,1.096201766
josevalim,16011,11,67,140,6492.13104,17.9916416,1,0,1,0,0,30,583,19.43333333,31,1.033333333,583,19.43333333,12,0.4,14405.43333,413.5,0.866666667,0.1,0,0,0.1,5,0.5,11.15569253,1.235877715,30,10,0,5,2,10,0,0,0,1.26850503
jrohitofficial,12724,4859,89,0,1731.405947,8.105067553,1,1,1,1,0,30,234,7.8,18,0.6,234,7.8,2,0.066666667,24455.53333,1007.5,0.066666667,0,0,0.266666667,0.933333333,9,0.173913043,201.0692574,10.15849348,0,0,0,0,0,0,0,0,0,0
justjavac,17171,88,415,15,5667.517498,21.22676895,1,0,1,0,0,30,3814,127.1333333,715,23.83333333,3814,127.1333333,14,0.466666667,10636.43333,134.5,0.533333333,0,0,0.033333333,0.4,3,0.7,109.2178338,0.181259696,30,17,1,0,0,0,1,0,2,4.516143955
jvns,10664,72,198,79,5374.723065,39.01627128,0,0,1,0,0,30,222,7.4,15,0.5,222,7.4,6,0.2,12587.76667,112,0.366666667,0,0,0.1,0.633333333,12,0.260869565,115.964431,3.777116188,27,26,0,0,0,1,0,0,0,0.91127128
jwasham,25859,6,30,1,4729.57913,400.0181463,1,0,1,0,0,30,351758,11725.26667,85719,2857.3,351758,11725.26667,108,3.6,2616.066667,63,0.233333333,0,0,0,0.766666667,11,0.333333333,170.129813,0.040472694,0,0,0,0,0,0,0,0,0,0
KalleHallden,11659,5,58,0,2949.277452,4.420391687,1,1,0,1,0,30,1845,61.5,808,26.93333333,1845,61.5,76,2.533333333,3002.633333,200.5,0,0,0,0,1,7,0.285714286,38.29564632,26.3008315,0,0,0,0,0,0,0,0,0,0
kamranahmedse,39286,198,110,26,4610.204836,28.00759077,1,0,1,1,0,30,424775,14159.16667,50677,1689.233333,424775,14159.16667,195,6.5,50495.16667,1515,0.433333333,0,0,0.066666667,0.566666667,6,0.4,1.22281068,0.041699569,17,7,0,0,1,1,0,0,8,0.252428736
karpathy,132691,8,61,11,5788.995959,7.638354685,1,0,1,0,0,30,235758,7858.6,31573,1052.433333,235758,7858.6,1202,40.06666667,29288.9,290.5,0.1,0.033333333,0,0.033333333,0.866666667,9,0.444444444,1.019222741,0.034234315,30,18,1,0,1,8,0,0,2,0.786086166
keijiro,23375,0,907,214,5682.657174,9.644847757,0,1,1,1,0,30,7954,265.1333333,881,29.36666667,7954,265.1333333,15,0.5,5245.766667,1079.5,0.033333333,0,0,0.133333333,0.8,6,0.666666667,62.23543803,1.23542646,30,20,2,0,0,0,3,0,0,0.166120905
kelseyhightower,23770,13,196,241,5238.965913,3.756063035,0,0,0,1,0,30,10733,357.7666667,1933,64.43333333,10733,357.7666667,249,8.3,1120.4,20,0.033333333,0.033333333,0,0.033333333,0.966666667,3,0.888888889,578.1385862,0.211826923,0,0,0,0,0,0,0,0,0,0
kenjinote,21129,56371,668,55,4865.373748,12.63826211,1,0,1,0,0,30,122,4.066666667,11,0.366666667,122,4.066666667,4,0.133333333,3447.8,26,0.166666667,0,0,0,0.833333333,3,0.925925926,97.06938479,40.0620584,30,15,0,0,5,4,1,0,1,0.290750535
kennethreitz,29731,222,74,260,6015.855507,67.998401,1,0,1,0,0,30,2130,71,300,10,2130,71,88,2.933333333,40331.03333,84.5,0.466666667,0.133333333,0,0.033333333,0.5,5,0.684210526,160.9881695,35.75181535,5,2,0,0,0,0,0,0,3,27.14981303
kentcdodds,34615,49,743,260,5094.803957,23.44867878,1,1,1,0,0,30,4427,147.5666667,1020,34,4427,147.5666667,144,4.8,7793.133333,480,0.566666667,0.1,0,0.033333333,0.433333333,4,0.666666667,100.0858084,0.066780627,30,11,11,1,0,0,0,0,1,0.724407942
kevin-powell,12714,0,113,3,3288.037984,47.98696581,0,0,1,0,0,30,641,21.36666667,465,15.5,641,21.36666667,59,1.966666667,18694.2,316.5,0.233333333,0,0,0.066666667,0.766666667,5,0.333333333,150.1328454,0.420750535,1,0,0,0,0,1,0,0,0,22.19231303
Klerith,14924,3,561,323,4762.182753,16.6902297,1,1,1,0,0,30,355,11.83333333,1563,52.1,355,11.83333333,139,4.633333333,22308.46667,527.5,0.1,0,0,0,0.9,5,0.689655172,75.0939797,1.074130164,17,0,0,0,0,0,13,0,1,10.03350516
knadh,12758,0,63,16,5520.094998,9.320021368,1,1,1,0,0,30,10107,336.9,857,28.56666667,10107,336.9,52,1.733333333,1283.066667,33.5,0.033333333,0,0,0.233333333,0.933333333,8,0.333333333,9.997197294,0.064975072,30,9,7,2,1,9,0,0,0,0.288192664
krishnaik06,40434,0,345,0,3526.349975,11.4632738,1,1,1,0,0,30,4901,163.3666667,3087,102.9,4901,163.3666667,33,1.1,1462.366667,73.5,0.033333333,0,0,0,0.966666667,3,0.761904762,196.2510979,0.355808526,0,0,0,0,0,0,0,0,0,0
kubowania,15494,37,140,0,2447.356144,16.02556548,1,0,1,1,0,30,1638,54.6,1118,37.26666667,1638,54.6,102,3.4,961.1333333,29,0.033333333,0,0,0,0.966666667,3,0.833333333,283.0906465,1.120044647,23,21,0,0,0,0,2,0,0,1.557162702
kunal-kushwaha,36466,0,47,1,2730.11648,3.185831696,1,1,1,0,0,30,28482,949.4,15621,520.7,28482,949.4,736,24.53333333,66524.63333,4108.5,0.566666667,0,0,0.033333333,0.433333333,8,0.333333333,0.860681233,0.088343271,4,0,0,0,0,0,0,0,4,5.263817808
Kwynto,14311,7,19,2,3091.444188,12.94984791,1,0,0,0,0,19,1392,73.26315789,84,4.421052632,1392,73.26315789,0,0,1118.263158,167,0.157894737,0,0,0,0.789473684,4,0.785714286,12.94805393,12.13661874,1,0,0,0,0,0,1,0,0,12.94804236
laruence,12257,17,27,115,5645.642163,21.22672292,1,0,1,0,0,27,10711,396.7037037,2648,98.07407407,10711,396.7037037,228,8.444444444,41775.74074,279,0.37037037,0,0,0.037037037,0.62962963,3,0.64,183.3748826,0.359095608,0,0,0,0,0,0,0,0,0,0
LaurieWired,10742,0,36,3,1113.990947,116.9301836,1,0,0,0,0,30,14514,483.8,1116,37.2,14514,483.8,117,3.9,18908.56667,3151,0.033333333,0,0,0,0.966666667,6,0.352941176,7.829558583,0.106838676,2,2,0,0,0,0,0,0,0,7.829547009
LeaVerou,16170,45,106,590,5885.789246,13.52048453,1,0,1,0,0,30,16739,557.9666667,2237,74.56666667,16739,557.9666667,445,14.83333333,18300.23333,207.5,0.266666667,0,0,0.533333333,0.766666667,5,0.625,13.51923453,1.242486847,29,1,2,0,23,3,0,0,0,0.435114162
leerob,15566,0,36,4,4146.128783,16.17379484,1,1,1,0,0,30,18086,602.8666667,3179,105.9666667,18086,602.8666667,55,1.833333333,8174.333333,112,0.033333333,0.433333333,0,0,0.966666667,4,0.481481481,1.097579565,0.194350398,30,6,10,0,4,7,1,0,0,0.803794843
lilianweng,11275,0,19,0,5335.990091,110.728112,1,0,1,0,0,19,5150,271.0526316,1367,71.94736842,5150,271.0526316,73,3.842105263,65401.10526,1689,0.315789474,0,0,0.105263158,0.631578947,6,0.705882353,249.1459129,0.364605051,0,0,0,0,0,0,0,0,0,0
liyupi,21319,30,96,0,3275.378714,11.38425784,1,1,1,1,0,30,19638,654.6,4051,135.0333333,19638,654.6,123,4.1,33120.46667,513.5,0.266666667,0,0,0.133333333,0.733333333,5,0.333333333,8.409871266,0.056526359,30,14,1,4,2,3,2,0,4,8.409859692
lllyasviel,20963,2,51,0,3537.384686,38.83970925,1,0,0,0,0,30,124051,4135.033333,14193,473.1,124051,4135.033333,1550,51.66666667,30269.8,1663.5,0.3,0,0,0.166666667,0.633333333,3,0.764705882,74.93930416,0.037521752,0,0,0,0,0,0,0,0,0,0
llSourcell,36787,4,487,212,5168.327904,39.35894537,1,0,1,1,0,30,4585,152.8333333,1970,65.66666667,4585,152.8333333,98,3.266666667,10190.1,183,0.133333333,0,0,0,0.866666667,5,0.608695652,312.6940611,1.244535653,0,0,0,0,0,0,0,0,0,0
loiane,19564,150,220,33,6192.731006,44.01283428,1,1,1,0,0,30,842,28.06666667,415,13.83333333,842,28.06666667,0,0,1009.9,82.5,0.033333333,0.7,0.033333333,0.033333333,0.966666667,4,0.724137931,45.67531113,26.99634122,30,13,3,0,1,0,0,0,0,1.166503257
lucast1574,21131,9,26,0,1016.838725,47.00664216,1,0,0,0,0,26,192,7.384615385,544,20.92307692,192,7.384615385,5,0.192307692,80523.69231,3986,0.076923077,0,0.192307692,0.038461538,0.884615385,11,0.380952381,1.539257898,0.066769472,30,28,0,0,0,0,1,0,1,1.539257898
LukeSmithxyz,12011,0,30,6,3178.981607,82.17907272,0,0,1,1,0,30,19373,645.7666667,6082,202.7333333,19373,645.7666667,252,8.4,48072.6,582,0.033333333,0.3,0.033333333,0,0.966666667,9,0.222222222,87.90707041,0.108621336,0,0,0,0,0,0,0,0,0,0
lydiahallie,14925,0,62,1,3166.364026,7.677660699,0,1,1,1,0,30,1269,42.3,297,9.9,1269,42.3,9,0.3,120348.0667,115.5,0.333333333,0,0,0,0.633333333,6,0.583333333,230.4596514,1.102869032,0,0,0,0,0,0,0,0,0,0
matheusbattisti,14741,6,165,2,3966.106908,37.90602877,0,1,1,0,0,30,1004,33.46666667,491,16.36666667,1004,33.46666667,4,0.133333333,1013.933333,24.5,0,0,0,0,1,7,0.357142857,14.91241766,4.021457012,9,2,0,0,0,0,7,0,0,1.829778771
mathiasbynens,12846,163,590,59,6127.404952,8.383401456,1,1,1,0,0,30,120,4,35,1.166666667,120,4,1,0.033333333,668250.4,271,0.866666667,0.033333333,0,0,0.133333333,5,0.619047619,527.5131468,131.3685751,30,30,0,0,0,0,0,0,0,0.066017197
mattn,13194,1697,2141,1936,6486.689235,22.58963988,1,0,1,0,0,30,1919,63.96666667,170,5.666666667,1919,63.96666667,34,1.133333333,558.5666667,116.5,0.633333333,0,0,0,0.366666667,8,0.5,0.438007938,0.437996364,30,14,5,0,2,0,6,1,0,0.060160715
mattt,18909,460,130,58,6512.604733,17.70248717,0,0,1,0,0,30,7960,265.3333333,572,19.06666667,7960,265.3333333,26,0.866666667,7352.966667,77,0.266666667,0.466666667,0,0.033333333,0.6,8,0.375,3.101133,0.094454759,30,3,2,3,6,7,1,0,0,2.217579759
matz,10204,0,10,6,6322.774142,16.2340844,0,1,0,0,0,10,4744,474.4,250,25,4744,474.4,24,2.4,12082.7,542.5,0.9,0,0,0,0.1,2,0.875,1503.294918,1.234223289,29,19,0,0,3,5,0,0,0,0.612035789
maykbrito,16580,47,149,30,4386.904617,72.7421284,1,1,1,0,0,30,778,25.93333333,162,5.4,778,25.93333333,149,4.966666667,1798.266667,175,0.066666667,0,0,0.066666667,0.933333333,5,0.4,72.05420016,31.22896868,2,2,0,0,0,0,0,0,0,24.02114461
mbostock,23341,0,88,1043,5804.824154,74.99920016,1,1,1,0,0,30,932,31.06666667,92,3.066666667,932,31.06666667,19,0.633333333,8087.166667,135.5,0.433333333,0.1,0,0,0.5,5,0.833333333,565.0012372,51.51247563,8,1,1,1,3,1,1,0,0,9.057857571
mcollina,10769,472,628,63,6217.809304,2.210959452,1,1,1,0,0,30,9212,307.0666667,404,13.46666667,9212,307.0666667,65,2.166666667,72050.93333,87,0.433333333,0,0,0.033333333,0.566666667,6,0.772727273,0.389790471,0.186503434,30,9,6,3,4,4,0,0,0,0.042857601
mdo,23636,1,33,11,6078.655196,74.90343632,1,1,1,0,0,30,17394,579.8,2061,68.7,17394,579.8,60,2,10030.2,202.5,0.333333333,0.066666667,0,0.466666667,0.566666667,5,0.590909091,104.9501146,0.267892334,29,16,6,2,0,0,3,0,0,3.544015019
meliksahyorulmazlar,10736,13,16,0,920.3105775,12.10291549,0,0,0,0,0,16,504,31.5,32,2,504,31.5,4,0.25,29065.3125,120,0.125,0,0,0.0625,0.875,4,0.615384615,21.41504512,1.465299753,30,30,0,0,0,0,0,0,0,21.41503355
mgechev,10260,0,391,118,5590.007256,94.00896876,1,1,1,1,0,30,4657,155.2333333,507,16.9,4657,155.2333333,93,3.1,26156.46667,518,0.3,0,0,0.066666667,0.7,4,0.52,9.70936228,1.378772002,30,26,0,0,0,0,3,0,1,1.771341447
michaelliao,38372,3,109,0,5579.227869,21.32981368,1,0,1,0,0,30,6487,216.2333333,5136,171.2,6487,216.2333333,54,1.8,5395.3,148,0,0.2,0,0.4,0.9,8,0.272727273,1.731978032,1.244940995,30,28,0,0,0,0,1,0,0,0.617672477
microsoft,110818,0,7506,0,4448.946469,252.8880429,1,0,1,0,0,30,3061,102.0333333,1084,36.13333333,3061,102.0333333,200,6.666666667,43759.1,3754,0,0.133333333,0,0.133333333,1,10,0.260869565,23.57171184,23.90224425,11,0,0,0,0,0,0,0,0,23.50417712
midudev,36498,2,215,11,5077.970913,3.861885474,1,0,1,0,0,30,10894,363.1333333,1637,54.56666667,10894,363.1333333,69,2.3,57936.46667,490,0.233333333,0.033333333,0,0,0.733333333,5,0.409090909,4.326295197,0.128517419,30,18,0,0,6,4,0,1,1,2.106619271
miguelgrinberg,12878,0,203,23,4851.055693,47.40782299,0,1,1,1,0,30,1278,42.6,172,5.733333333,1278,42.6,31,1.033333333,4392.266667,162,0.333333333,0.033333333,0,0,0.633333333,5,0.666666667,22.00090169,0.729524375,30,5,4,1,15,1,0,0,0,0.968320671
miloyip,10760,32,29,11,5205.468865,3.446318374,0,1,0,0,0,29,31654,1091.517241,7286,251.2413793,31654,1091.517241,220,7.586206897,62655.51724,931,0.448275862,0,0,0.24137931,0.482758621,9,0.375,369.2515846,0.092510503,0,0,0,0,0,0,0,0,0,0
mitchellh,20410,0,116,106,6561.765149,5.579987367,0,0,1,0,0,30,12129,404.3,1433,47.76666667,12129,404.3,281,9.366666667,963.1666667,51,0.033333333,0.566666667,0,0.033333333,0.966666667,5,0.862068966,571.8795591,0.146804496,29,8,4,0,4,6,2,0,0,0.774478108
mitsuhiko,23638,25,328,271,6514.323448,62.26628369,1,1,1,0,0,30,1918,63.93333333,115,3.833333333,1918,63.93333333,9,0.3,3252.466667,394.5,0.5,0,0,0,0.5,7,0.4,1.01555452,0.126283686,30,17,4,0,1,2,3,0,0,0.219952668
mli,23365,1,20,1,5616.506145,79.73132999,0,1,0,0,0,20,41738,2086.9,3850,192.5,41738,2086.9,85,4.25,42816.15,2594.5,0.1,0.65,0,0.1,0.85,9,0.176470588,329.5834249,0.136144809,0,0,0,0,0,0,0,0,0,0
mnielsen,11671,32,34,1,6217.87861,29.84144575,1,0,1,0,0,30,18836,627.8666667,7380,246,18836,627.8666667,7,0.233333333,18153.7,229,0.166666667,0,0,0.133333333,0.8,6,0.444444444,269.8360175,0.034362413,0,0,0,0,0,0,0,0,0,0
mojombo,24472,11,66,62,6692.517638,15.80563557,0,1,1,0,0,30,10357,345.2333333,2236,74.53333333,10357,345.2333333,468,15.6,2418.1,253,0.266666667,0,0,0.066666667,0.833333333,8,0.47826087,605.7967467,0.568714277,2,0,0,0,0,0,0,0,2,7.919408721
MorvanZhou,21632,2,50,1,3560.229513,8.141306881,1,0,1,1,0,30,3157,105.2333333,1502,50.06666667,3157,105.2333333,16,0.533333333,1481966.433,1743,0.166666667,0,0,0.033333333,0.833333333,9,0.678571429,3.223448084,1.244211973,23,13,0,0,0,0,1,3,6,1.413621696
mosh-hamedani,15231,1,32,1,4538.54942,42.93013791,1,0,1,0,0,30,4009,133.6333333,3191,106.3666667,4009,133.6333333,128,4.266666667,190.5666667,97.5,0.2,0,0,0.1,0.8,7,0.576923077,8.9759018,0.063355503,2,1,0,0,0,0,1,0,0,8.9759018
mouredev,34300,2,52,3,3664.330543,1.025404149,1,1,1,1,0,30,81015,2700.5,10754,358.4666667,81015,2700.5,115,3.833333333,5485,627,0.133333333,0,0,0.066666667,0.866666667,9,0.272727273,0.378401834,0.039756001,30,19,0,0,11,0,0,0,0,0.37839026
mqyqingfeng,11538,2,36,0,3991.27861,39.34996436,1,1,1,0,0,30,32521,1084.033333,4931,164.3666667,32521,1084.033333,384,12.8,89324.13333,289.5,0.166666667,0,0.033333333,0.3,0.833333333,4,0.789473684,0.505485191,0.711642598,23,11,0,0,12,0,0,0,0,10.32006852
mrdbourke,11375,54,72,21,3680.674374,6.424941221,1,0,1,0,0,30,1181,39.36666667,386,12.86666667,1181,39.36666667,19,0.633333333,46702,9912,0.433333333,0,0,0.033333333,0.566666667,5,0.52173913,8.617568536,0.75508011,30,12,0,0,2,6,0,0,10,3.27670048
mrdoob,24784,195,52,73,6084.038691,36.49361023,0,0,1,0,0,30,5155,171.8333333,1029,34.3,5155,171.8333333,41,1.366666667,179347.6,3657.5,0.333333333,0.166666667,0,0.4,0.266666667,4,0.826086957,0.391063929,0.105635689,30,15,1,1,0,10,2,0,0,0.083205133
MrXyfir,20232,0,6,4,3935.07567,125.1009135,0,0,0,0,0,6,206,34.33333333,25,4.166666667,206,34.33333333,0,0,1653.5,161,0.666666667,1,0,0,0.333333333,3,0.5,1177.748413,150.4831936,0,0,0,0,0,0,0,0,0,0
muan,11352,67,151,3,5225.20589,17.12168895,1,0,1,0,0,30,184,6.133333333,55,1.833333333,184,6.133333333,3,0.1,3446.933333,125,0.366666667,0.133333333,0,0.266666667,0.566666667,7,0.5,196.381388,25.77701303,19,12,1,0,1,2,0,0,0,0.108320899
munificent,10862,144,51,56,6241.091631,3.224663503,1,1,1,0,0,30,18840,628,2215,73.83333333,18840,628,287,9.566666667,8851.966667,236,0.166666667,0.266666667,0,0.033333333,0.833333333,8,0.28,2.08550841,0.741087114,30,4,2,4,6,9,1,0,0,1.099177392
mustafacagri,14392,150784,40,2,4303.20986,19.01636492,1,0,1,0,0,30,651,21.7,120,4,651,21.7,15,0.5,3492.766667,328.5,0.233333333,0,0,0.033333333,0.733333333,5,0.44,15.7262839,1.457279267,0,0,0,0,0,0,0,0,0,0
necolas,11312,29,80,42,5791.047858,2.686480667,1,1,1,0,0,30,3345,111.5,737,24.56666667,3345,111.5,27,0.9,1288.233333,110.5,0.466666667,0,0,0.1,0.5,5,0.739130435,28.75004548,0.123737612,30,5,9,2,1,3,4,0,2,1.708436686
NeuralNine,10473,4,15,0,2500.828425,47.12359873,1,1,1,0,0,15,3908,260.5333333,1475,98.33333333,3908,260.5333333,89,5.933333333,3481.266667,18,0.066666667,0,0,0,0.933333333,5,0.692307692,0.725323272,0.141874197,30,19,0,0,9,0,1,0,1,0.724397346
nicknochnack,13062,4,212,8,4474.113286,71.56726773,1,0,1,0,0,30,1451,48.36666667,936,31.2,1451,48.36666667,47,1.566666667,5443.466667,72,0,0,0,0,1,4,0.571428571,219.7274413,2.87417745,0,0,0,0,0,0,0,0,0,0
nishant-Tiwari24,10808,28,77,0,1103.957372,0.117788572,0,0,0,0,0,30,12383,412.7666667,2196,73.2,12383,412.7666667,59,1.966666667,48114.16667,100.5,0.033333333,0,0,0,0.966666667,7,0.346153846,91.54065894,0.545971443,0,0,0,0,0,0,0,0,0,0
noob-hackers,10920,0,19,1,2499.497291,123.4939923,1,1,1,0,0,19,19926,1048.736842,2302,121.1578947,19926,1048.736842,287,15.10526316,26688.84211,108,0,0,0,0,0.947368421,4,0.555555556,123.4739113,0.044246917,0,0,0,0,0,0,0,0,0,0
numpy,1957,0,33,0,5742.593483,43.22686267,0,0,1,0,0,30,33372,1112.4,12929,430.9666667,33372,1112.4,2613,87.1,51104.1,1690,0.066666667,0.133333333,0,0.333333333,0.733333333,8,0.444444444,22.87806637,22.91189739,0,0,0,0,0,0,0,0,0,0
nzakas,10731,0,77,56,6280.021377,46.77657334,1,1,1,0,0,30,745,24.83333333,66,2.2,745,24.83333333,21,0.7,15848.5,968,0.766666667,0.2,0,0,0.266666667,3,0.80952381,211.872997,24.16876084,30,4,0,6,3,11,0,0,0,1.770392785
octocat,21593,9,8,8,5498.961886,23.22362196,0,1,1,0,0,8,20802,2600.25,162539,20317.375,20802,2600.25,23541,2942.625,4199,82,0.25,0,0,0.125,0.625,3,0.333333333,542.1000109,22.85517289,0,0,0,0,0,0,0,0,0,0
offensive-security,11257,3,27,0,4900.259259,212.1276035,0,1,1,0,0,27,17977,665.8148148,5090,188.5185185,17977,665.8148148,122,4.518518519,354282.5556,1853,0.037037037,1,0,0,1,4,0.4,1191.86265,0.356388179,0,0,0,0,0,0,0,0,0,0
onevcat,15718,140,243,123,5280.057198,0.229964583,1,1,1,0,0,30,2628,87.6,241,8.033333333,2628,87.6,15,0.5,6924.233333,132.5,0.466666667,0,0,0,0.5,10,0.5,7.524061805,1.244258564,30,11,6,1,0,2,4,1,1,0.206885879
OracleBrain,15074,3270,45,0,1146.286527,3.124050244,1,1,1,0,0,30,560,18.66666667,55,1.833333333,560,18.66666667,5,0.166666667,2584.566667,239.5,0,0,0,0.333333333,1,8,0.304347826,14.28470997,9.647175244,2,1,0,0,0,0,1,0,0,14.28470997
Ovilia,16001,249,66,10,5394.212719,10.62789285,1,0,1,0,0,30,1657,55.23333333,486,16.2,1657,55.23333333,36,1.2,47634.03333,5374,0.4,0,0,0.333333333,0.6,7,0.545454545,366.6729623,1.235103497,23,2,1,10,2,3,0,0,1,1.424142848
pallets,2167,0,17,0,3680.847511,36.2124299,0,0,1,0,0,17,115608,6800.470588,23045,1355.588235,115608,6800.470588,348,20.47058824,2783,704,0,0.352941176,0,0,0.941176471,3,0.866666667,25.34785814,22.93572851,0,0,0,0,0,0,0,0,0,0
pandas-dev,5098,0,15,0,3461.841955,33.2101614,1,0,1,0,0,15,48074,3204.933333,19761,1317.4,48074,3204.933333,3716,247.7333333,157486,101,0.066666667,0.4,0,0.133333333,1,3,0.8,22.84371464,22.87827482,0,0,0,0,0,0,0,0,0,0
PanJiaChen,13432,84,72,6,4237.461307,338.2887841,0,1,0,0,0,30,5429,180.9666667,1572,52.4,5429,180.9666667,61,2.033333333,12742.36667,277,0.4,0,0,0.066666667,0.6,4,0.75,505.8277424,2.52612205,0,0,0,0,0,0,0,0,0,0
PatrickAlphaC,11029,44,296,73,2371.150023,35.93414288,1,1,1,0,0,30,848,28.26666667,426,14.2,848,28.26666667,13,0.433333333,3688.633333,99.5,0.533333333,0.1,0,0,0.466666667,8,0.363636364,442.0304392,1.236075754,30,13,1,0,2,10,2,2,0,1.163633624
paulirish,31780,334,380,120,6276.715509,5.709073439,0,1,1,0,0,30,1156,38.53333333,114,3.8,1156,38.53333333,12,0.4,53670.5,965.5,0.833333333,0.033333333,0,0.066666667,0.133333333,5,0.764705882,23.06870307,6.001249365,30,10,4,2,1,6,1,0,1,0.102580383
peng-zhihui,86114,9,59,0,3890.534768,4.044374365,1,1,0,0,0,30,51948,1731.6,10579,352.6333333,51948,1731.6,431,14.36666667,46810.23333,16033.5,0.333333333,0,0,0,0.666666667,6,0.428571429,371.2606707,0.123402142,0,0,0,0,0,0,0,0,0,0
peter-kimanzi,17103,1170,117,2,1974.252164,15.11282344,1,1,1,1,0,30,335,11.16666667,28,0.933333333,335,11.16666667,3,0.1,2993.2,35,0.066666667,0,0,0.8,0.933333333,4,0.392857143,827.3034716,1.227360476,0,0,0,0,0,0,0,0,0,0
philipplackner,13082,2,311,5,2381.421863,109.2234021,1,0,0,0,0,30,798,26.6,338,11.26666667,798,26.6,19,0.633333333,637.3666667,101.5,0,0,0,0,1,3,0.9,241.0798142,1.227580383,9,4,0,1,0,0,4,0,0,18.01019612
phodal,20499,9,376,14,5577.25199,3.320045661,1,0,1,1,0,30,8201,273.3666667,1107,36.9,8201,273.3666667,109,3.633333333,8059.433333,1134.5,0.066666667,0.033333333,0,0.4,0.933333333,9,0.421052632,0.662348902,0.282777143,30,18,4,0,0,0,0,0,0,0.116839643
Pierian-Data,10715,0,31,22,3719.366458,236.0589114,1,1,1,0,0,30,31021,1034.033333,90153,3005.1,31021,1034.033333,395,13.16666667,27889.56667,887,0.466666667,0,0,0.033333333,0.533333333,4,0.529411765,235.5385063,0.306561865,0,0,0,0,0,0,0,0,0,0
professorguanabara,12632,2,7,0,2088.135659,220.0679508,1,1,0,0,0,7,1162,166,125,17.85714286,1162,166,25,3.571428571,24000.42857,1359,0,0,0,0.857142857,1,2,0.857142857,205.9764345,0.939640568,0,0,0,0,0,0,0,0,0,0
ProgrammingHero1,25150,0,996,0,2384.685277,3.793795661,0,0,1,0,0,30,1549,51.63333333,727,24.23333333,1549,51.63333333,28,0.933333333,6674.966667,266.5,0,0,0,0,1,3,0.684210526,22.0542702,2.222858161,21,0,0,0,0,0,20,0,0,22.04800862
programthink,22365,0,5,0,4702.093738,2853.370358,0,0,1,0,0,5,41699,8339.8,8455,1691,41699,8339.8,553,110.6,14803.4,321,0,0,0,0,1,1,1,549.4568051,0.127545797,0,0,0,0,0,0,0,0,0,0
psf,2136,0,40,0,2468.105439,26.93771942,1,0,1,0,0,30,42296,1409.866667,3024,100.8,42296,1409.866667,473,15.76666667,10201.2,111,0.1,0.033333333,0,0.033333333,0.9,8,0.6,23.03616849,23.03609905,0,0,0,0,0,0,0,0,0,0
QianMo,11421,9,37,0,4269.225254,1539.210416,1,1,1,0,0,30,31929,1064.3,8277,275.9,31929,1064.3,891,29.7,742837.4,29334.5,0.233333333,0,0,0,0.766666667,7,0.416666667,1160.384919,0.370659246,0,0,0,0,0,0,0,0,0,0
rafaballerini,58965,30,59,6,2370.11265,79.20906204,1,0,1,0,0,30,5066,168.8666667,1494,49.8,5066,168.8666667,70,2.333333333,13423.86667,6,0.133333333,0,0,0.033333333,0.8,6,0.526315789,367.9724185,2.187233332,0,0,0,0,0,0,0,0,0,0
rakyll,12967,0,234,14,6049.051817,25.97366853,1,1,1,0,0,30,5682,189.4,379,12.63333333,5682,189.4,37,1.233333333,5862.066667,542,0.466666667,0.033333333,0,0,0.466666667,6,0.565217391,424.7787148,0.236342139,9,0,0,1,0,0,0,0,8,0.540288899
rasbt,35492,41,146,15,4515.071909,8.923946329,1,0,1,0,0,30,4314,143.8,1237,41.23333333,4314,143.8,51,1.7,6354.966667,1409.5,0.433333333,0,0,0,0.533333333,3,0.578947368,153.0189348,0.370115311,30,9,5,0,7,4,2,0,0,0.033089848
rauchg,16455,882,140,31,6459.643692,5.0572681,0,1,1,0,0,30,3759,125.3,2378,79.26666667,3759,125.3,101,3.366666667,4169.233333,156,0.466666667,0,0,0,0.5,5,0.777777778,4.889235693,0.964721804,12,8,0,0,0,0,3,0,0,4.889235693
rexim,12623,1,79,70,5910.722801,74.61902737,1,1,0,0,0,30,1205,40.16666667,91,3.033333333,1205,40.16666667,51,1.7,872.0333333,32.5,0.3,0,0,0,0.666666667,12,0.260869565,50.33827506,1.226967186,30,9,6,1,0,6,2,0,2,3.309837556
Rich-Harris,20293,0,394,109,5220.301134,19.59351813,0,0,0,0,0,30,1030,34.33333333,54,1.8,1030,34.33333333,82,2.733333333,5656.866667,1067.5,0.633333333,0,0,0.033333333,0.333333333,3,0.846153846,505.5232404,12.41789313,30,9,4,2,5,8,1,0,0,0.18708295
robpike,11944,0,21,1,4670.981331,311.8514232,1,0,0,0,0,21,4259,202.8095238,315,15,4259,202.8095238,3,0.142857143,176.2380952,91,0,0,0,0.047619048,1,1,1,6.360890832,3.611238054,29,17,0,0,7,5,0,0,0,6.360879257
romainguy,10288,1,21,4,5350.465694,4.87261538,0,1,1,0,0,21,10216,486.4761905,1432,68.19047619,10216,486.4761905,31,1.476190476,187865.3333,1337,0.095238095,0.047619048,0,0,0.80952381,6,0.523809524,2.744733436,1.01949038,30,7,4,8,1,4,1,0,0,0.875856121
romannurik,10652,24,70,27,6073.715636,4.102673274,0,1,1,0,0,30,12941,431.3666667,2798,93.26666667,12941,431.3666667,592,19.73333333,2465.366667,512,0.1,0.033333333,0,0.1,0.8,5,0.4,156.659583,1.991504292,8,2,2,0,0,2,1,0,1,5.084582996
rsc,10932,1,157,18,6061.678646,10.8437381,1,1,1,0,0,30,3037,101.2333333,247,8.233333333,3037,101.2333333,26,0.866666667,33568.3,278,0.433333333,0.666666667,0,0,0.566666667,3,0.92,116.1482404,0.555786711,27,7,8,0,4,4,2,0,0,8.047464952
ruanyf,85400,0,75,27,5333.696134,5.375914048,0,0,1,0,0,30,80176,2672.533333,21344,711.4666667,80176,2672.533333,23,0.766666667,4100.3,308.5,0.166666667,0,0,0.333333333,0.833333333,7,0.55,0.048182566,0.04813627,30,20,0,0,9,0,1,0,0,0.048170992
RubyLouvre,14763,34,129,0,5862.22412,723.3609141,1,1,1,0,0,30,9739,324.6333333,2094,69.8,9739,324.6333333,421,14.03333333,9547.633333,281.5,0.233333333,0,0,0.033333333,0.733333333,5,0.785714286,1975.618102,1.232175635,0,0,0,0,0,0,0,0,0,0
ry,33015,40,61,301,6591.374409,27.20468722,0,1,1,0,0,30,686,22.86666667,55,1.833333333,686,22.86666667,0,0,31187.26667,3174,0.7,0.066666667,0,0,0.266666667,8,0.352941176,717.3785877,40.11395805,30,8,9,3,1,1,4,0,0,1.588506665
samyk,11700,1638,197,10,5624.0075,20.38387705,1,0,1,1,0,30,1101,36.7,274,9.133333333,1101,36.7,5,0.166666667,25898.03333,305,0.866666667,0,0,0,0.133333333,6,0.4,4.807846954,2.842499732,30,3,2,0,1,1,2,0,21,0.443194176
sandhikagalih,18197,22,98,6,4855.396516,9.219328459,1,1,1,0,0,30,1800,60,825,27.5,1800,60,35,1.166666667,1898.233333,167,0.066666667,0,0,0.066666667,0.933333333,5,0.538461538,78.3981942,3.223171051,0,0,0,0,0,0,0,0,0,0
schacon,14086,27,228,98,6593.021007,0.399779859,0,1,1,0,0,30,516,17.2,2291,76.36666667,516,17.2,1006,33.53333333,15892.96667,349,0.566666667,0,0,0.033333333,0.566666667,12,0.346153846,21.35339097,15.04768495,30,8,11,0,0,0,6,1,0,2.398969674
scikit-learn,5233,0,16,0,5661.420035,103.1181942,1,0,1,0,0,16,65058,4066.125,26852,1678.25,65058,4066.125,2180,136.25,380281.5,115.5,0,0.0625,0,0.375,1,5,0.583333333,23.18863404,22.97218728,0,0,0,0,0,0,0,0,0,0
sdras,24781,150,102,5,4910.777789,2.649154883,1,1,1,0,0,30,39523,1317.433333,3296,109.8666667,39523,1317.433333,446,14.86666667,21521.8,1150,0.4,0,0,0.066666667,0.6,6,0.421052632,530.8868516,0.188529883,0,0,0,0,0,0,0,0,0,0
SebLague,23503,0,92,0,4677.060602,49.23026601,0,0,0,0,0,30,14335,477.8333333,3726,124.2,14335,477.8333333,396,13.2,20258.83333,941,0,0,0,0,0.966666667,3,0.928571429,9.115867857,0.576342394,9,5,1,0,0,0,2,1,0,9.115856283
Sentdex,10270,1,51,7,4478.674514,4.636272961,0,1,1,1,0,30,9409,313.6333333,2051,68.36666667,9409,313.6333333,126,4.2,87271,63,0.233333333,0,0,0,0.766666667,4,0.666666667,304.0029975,0.630948887,1,0,0,0,0,0,0,0,1,9.743749813
shadcn,14998,0,225,33,6002.999815,23.76717575,1,1,0,0,0,30,390,13,34,1.133333333,390,13,12,0.4,25362.86667,795.5,0.633333333,0,0,0,0.366666667,6,0.45,64.56855307,15.9199651,30,3,16,0,3,7,0,0,0,0.032002139
shahradelahi,10788,0,119,3,3619.20559,4.322198922,1,1,0,0,0,30,938,31.26666667,31,1.033333333,938,31.26666667,121,4.033333333,3869.4,89.5,0.2,0.1,0,0,0.8,6,0.555555556,0.733807718,1.840763737,30,21,1,0,0,0,1,0,2,2.426492903
shanselman,12214,34,246,49,6548.540393,73.55787023,1,1,1,0,1,30,604,20.13333333,199,6.633333333,604,20.13333333,60,2,114167.6667,2148,0.466666667,0.033333333,0,0,0.533333333,8,0.363636364,1.732534582,1.307696619,30,4,2,0,15,9,0,0,0,0.422407267
shiffman,19495,35,172,59,5860.951944,8.239108679,0,1,1,0,0,30,678,22.6,118,3.933333333,678,22.6,42,1.4,4389.9,327.5,0.433333333,0,0,0.066666667,0.566666667,7,0.571428571,94.0950346,36.46341423,0,0,0,0,0,0,0,0,0,0
shiftkey,10993,52,188,110,5667.71993,4.825995264,1,0,1,0,1,30,91,3.033333333,59,1.966666667,91,3.033333333,10,0.333333333,4781,430,0.266666667,0.066666667,0,0.066666667,0.666666667,9,0.363636364,82.21317119,41.91165499,30,16,0,1,0,0,1,0,0,4.189710542
shradha-khapra,11203,1,15,0,2968.51294,207.2170254,1,0,1,0,0,15,1902,126.8,1146,76.4,1902,126.8,122,8.133333333,1249.2,88,0.066666667,0,0,0,0.933333333,7,0.230769231,362.0857291,0.327152672,0,0,0,0,0,0,0,0,0,0
simonw,12444,141,938,335,6492.019086,81.02914341,0,1,1,0,0,30,858,28.6,85,2.833333333,858,28.6,115,3.833333333,14556.96667,70,0.3,0.033333333,0,0.033333333,0.666666667,8,0.636363636,8.523807764,8.523761468,30,12,7,0,0,1,6,0,2,0.036469801
simplesteph,10388,9,71,12,3480.602095,4.207048505,1,1,1,0,0,30,1068,35.6,1050,35,1068,35.6,9,0.3,150309.8333,698,0.766666667,0,0,0,0.233333333,7,0.347826087,1260.495174,10.68320591,0,0,0,0,0,0,0,0,0,0
sindresorhus,77384,31,1132,99,5899.786586,6.880185079,1,0,1,0,0,30,11344,378.1333333,833,27.76666667,11344,378.1333333,231,7.7,290.0333333,29,0,0.133333333,0,0.033333333,0.866666667,1,1,10.06149295,0.228645727,30,7,8,0,5,3,1,0,0,0.045393413
skydoves,12574,19,77,104,3364.670729,19.16429388,1,1,1,1,0,30,31890,1063,2831,94.36666667,31890,1063,164,5.466666667,14046.36667,615.5,0,0.1,0,0.2,0.966666667,2,0.962962963,0.986643413,0.11149295,30,11,10,0,1,2,2,0,0,0.747025357
Snailclimb,10815,123,20,0,3147.57912,6.657847116,1,0,1,0,0,20,164214,8210.7,50143,2507.15,164214,8210.7,139,6.95,18334.3,3022.5,0.3,0,0,0.1,0.7,4,0.777777778,1.174861005,0.156689709,30,10,6,0,2,6,0,0,6,1.174861005
sofish,10486,19,43,96,5936.309248,4.99473369,0,0,1,1,0,30,6890,229.6666667,999,33.3,6890,229.6666667,132,4.4,8684.233333,174,0.2,0.033333333,0.033333333,0.166666667,0.8,8,0.708333333,1.852719801,0.51311332,13,6,2,0,0,0,3,0,1,0.972395727
sophiebits,10406,0,176,28,6517.796574,12.0271411,1,0,1,0,0,30,109,3.633333333,13,0.433333333,109,3.633333333,20,0.666666667,59198.86667,5221.5,0.9,0,0,0,0.1,10,0.541666667,80.26002304,131.5107175,2,0,1,0,0,1,0,0,0,11.58423601
sorrycc,14657,76,245,57,6297.531435,18.07782397,1,1,1,0,0,30,41945,1398.166667,5097,169.9,41945,1398.166667,90,3,8592.733333,158,0.533333333,0,0,0,0.5,6,0.533333333,40.33858786,0.818414246,30,19,0,4,4,2,0,0,0,1.345277672
soumith,13058,419,169,77,5152.770498,0.858529987,1,1,1,0,0,30,5678,189.2666667,1651,55.03333333,5678,189.2666667,160,5.333333333,6046.766667,631,0.566666667,0,0,0,0.4,6,0.285714286,1612.907465,1.237025357,4,0,0,1,0,2,0,0,0,3.908587857
spf13,16253,83,113,14,5891.591991,56.22710638,1,0,1,1,0,30,54926,1830.866667,4142,138.0666667,54926,1830.866667,655,21.83333333,3544.6,408,0.633333333,0,0,0,0.333333333,9,0.423076923,32.71412026,0.209548505,3,0,0,0,0,0,0,0,3,10.02012721
standardgalactic,18236,977524,22713,113,2701.214676,56.65699063,1,1,0,0,0,30,12,0.4,0,0,12,0.4,0,0,258301.2,1382,1,0,0,0,0,1,1,942.0008217,97.86400452,30,28,0,0,0,0,0,0,2,0.042580913
steipete,27990,102,167,296,6196.38566,3.582002391,1,1,1,0,0,30,24450,815,2700,90,24450,815,290,9.666666667,11786.86667,955,0.4,0.233333333,0,0.1,0.566666667,7,0.24,0.111909798,0.047951465,30,14,5,0,2,4,2,0,0,0.032986187
StephenGrider,29064,14,123,14,4598.968727,11.11142369,0,0,0,0,0,30,4665,155.5,4762,158.7333333,4665,155.5,164,5.466666667,4669.9,515.5,0.266666667,0,0,0,0.733333333,7,0.666666667,121.934838,7.575891286,1,0,0,0,1,0,0,0,0,2.867141286
stormzhang,15885,91,5,9,4912.61912,1837.33625,1,1,1,0,0,5,7386,1477.2,2467,493.4,7386,1477.2,90,18,24251.8,8933,0,0,0,0.4,1,3,0.333333333,1192.401806,1.022349619,0,0,0,0,0,0,0,0,0,0
t3dotgg,16612,61,127,16,4375.863183,59.33865749,1,1,1,1,0,30,968,32.26666667,146,4.866666667,968,32.26666667,52,1.733333333,1532603.633,117.5,0.1,0,0,0,0.9,6,0.615384615,39.64885425,7.520382027,30,5,1,0,2,0,2,0,20,8.61783573
taniarascia,14748,27,49,97,3958.792338,5.7967941,1,0,1,0,0,30,5651,188.3666667,1433,47.76666667,5651,188.3666667,189,6.3,5251.333333,664.5,0,0.133333333,0,0.333333333,1,8,0.48,58.76486123,1.783252433,0,0,0,0,0,0,0,0,0,0
tannerlinsley,14173,13,163,70,4519.843773,1.298819563,1,1,1,0,0,30,142,4.733333333,18,0.6,142,4.733333333,4,0.133333333,5867,348,0.533333333,0,0,0,0.433333333,4,0.72,91.9190279,12.38923623,30,8,4,0,8,3,2,0,0,0.481817248
taylorotwell,35200,3,33,9,5583.898762,9.134247804,1,1,1,0,0,30,1039,34.63333333,191,6.366666667,1039,34.63333333,2,0.066666667,11613.6,450.5,0.8,0,0,0,0.1,6,0.705882353,41.35310197,1.195682989,30,25,3,0,0,2,0,0,0,0.159305674
techwithtim,24837,2,218,0,2955.877234,11.99079873,1,1,1,0,0,30,2831,94.36666667,1297,43.23333333,2831,94.36666667,62,2.066666667,615.5333333,20.5,0,0,0,0,1,3,0.9,19.16703716,0.851064933,3,0,0,0,0,0,3,0,0,1.424467711
TheCherno,12703,4,38,3,5102.382442,2.768310304,0,0,1,0,0,30,14894,496.4666667,2997,99.9,14894,496.4666667,194,6.466666667,14536.63333,2063.5,0.2,0,0,0,0.8,4,0.517241379,16.96478021,0.235370489,8,8,0,0,0,0,0,0,0,3.551470026
ThePrimeagen,47466,5,235,0,4656.113704,6.637430674,0,1,1,0,0,30,8660,288.6666667,730,24.33333333,8660,288.6666667,102,3.4,9527.766667,129,0.166666667,0,0,0,0.833333333,13,0.291666667,4.074583452,0.051099656,30,6,2,0,8,13,0,0,0,0.1464816
tiangolo,30465,7,61,1,5146.800452,38.04334503,1,1,1,1,0,30,3646,121.5333333,629,20.96666667,3646,121.5333333,17,0.566666667,6586.4,263.5,0.366666667,0.533333333,0,0,0.633333333,3,0.7,2.999108915,1.244849656,30,29,0,0,0,0,0,0,0,0.049132063
tj,51530,45,296,551,6357.800174,7.968576508,0,1,0,0,0,30,15032,501.0666667,1091,36.36666667,15032,501.0666667,136,4.533333333,433.7666667,113.5,0.4,0,0,0.033333333,0.633333333,5,0.620689655,899.1584723,0.129051045,0,0,0,0,0,0,0,0,0,0
tjdevries,13273,165,178,48,4654.923137,1.010625119,1,0,0,0,0,30,3359,111.9666667,205,6.833333333,3359,111.9666667,33,1.1,15058.93333,52.5,0.333333333,0,0,0,0.666666667,10,0.416666667,47.61256956,0.182222341,30,3,4,0,7,12,0,0,4,1.440092711
tomnomnom,13576,143,105,45,6197.038461,248.0683567,1,0,1,0,0,30,6041,201.3666667,933,31.1,6041,201.3666667,61,2.033333333,1251.566667,79.5,0.233333333,0,0,0.1,0.8,8,0.344827586,67.73195628,1.244606743,0,0,0,0,0,0,0,0,0,0
topjohnwu,11503,0,48,1,4320.186725,14.5176623,0,0,0,0,0,30,65711,2190.366667,19212,640.4,65711,2190.366667,79,2.633333333,108228,2257,0.3,0.3,0,0.133333333,0.366666667,8,0.296296296,0.257708595,0.053808132,30,10,6,2,2,4,3,0,0,7.720312761
torvalds,279584,0,11,1,5278.099549,32.44419008,0,1,0,0,0,11,225798,20527.09091,61075,5552.272727,225798,20527.09091,58,5.272727273,560525.9091,3743,0.272727273,0.181818182,0,0,0.636363636,3,0.818181818,23.49349563,23.42620397,30,10,11,0,5,4,0,0,0,23.49349563
tpope,23121,20,85,56,6570.986667,159.0724655,1,0,1,0,1,30,4203,140.1,226,7.533333333,4203,140.1,52,1.733333333,9165.333333,32,0.133333333,0.366666667,0,0,0.766666667,6,0.777777778,387.7054632,1.235266465,7,0,0,0,2,5,0,0,0,0.798229428
tqchen,12455,128,48,2,4868.633901,72.82650489,1,1,1,0,0,30,640,21.33333333,130,4.333333333,640,21.33333333,9,0.3,153772.8,1598,0.833333333,0,0,0.033333333,0.166666667,6,0.5,24.10420165,50.27510443,30,14,2,7,0,1,0,0,0,0.095486373
trekhleb,17746,6,25,0,4815.383137,64.56084517,1,1,1,1,0,25,255134,10205.36,40106,1604.24,255134,10205.36,613,24.52,88542.24,10966,0,0,0,0.56,0.96,5,0.421052632,0.414375261,0.048923873,30,30,0,0,0,0,0,0,0,0.414363687
Trinea,17049,38,24,9,5217.280996,110.0106831,0,0,1,0,0,24,40638,1693.25,16557,689.875,40638,1693.25,87,3.625,231947.9167,1243,0.458333333,0,0.041666667,0.083333333,0.541666667,4,0.666666667,196.095741,0.535116002,10,0,0,0,0,0,0,0,10,3.798599798
unclebob,14458,1,66,30,6288.546968,6.941470169,1,1,1,0,0,30,3353,111.7666667,947,31.56666667,3353,111.7666667,126,4.2,5819.633333,90.5,0.066666667,0,0,0,0.933333333,8,0.464285714,1.597616002,1.597569706,30,29,0,0,0,0,1,0,0,1.597604428
unknwon,14378,2,46,11,4821.907466,40.08320628,1,0,1,0,0,30,23787,792.9,5090,169.6666667,23787,792.9,34,1.133333333,1194.133333,107.5,0.133333333,0.233333333,0,0,0.6,3,0.92,13.07256971,1.228495632,30,15,8,0,0,0,3,0,0,0.067315076
vbuterin,13168,1,63,10,4918.719838,29.2235535,0,0,0,0,0,30,1081,36.03333333,367,12.23333333,1081,36.03333333,71,2.366666667,10980.73333,178,0.4,0,0,0.033333333,0.6,6,0.380952381,45.21335674,1.813657669,0,0,0,0,0,0,0,0,0,0
vczh,17528,11,13,10,5397.388137,51.73465304,1,0,0,0,0,13,3086,237.3846154,711,54.69230769,3086,237.3846154,2,0.153846154,72128.23077,9916,0.538461538,0,0,0,0.461538462,6,0.444444444,21.51687526,5.161933132,30,30,0,0,0,0,0,0,0,0.312789613
Visualize-ML,22315,0,10,0,1368.299595,104.1158104,1,0,0,0,0,10,39255,3925.5,6973,697.3,39255,3925.5,42,4.2,254193.5,213400.5,0,0,0,0,1,1,1,65.95583359,0.230544243,30,0,0,0,14,16,0,0,0,11.06587989
WebDevSimplified,32201,0,233,1,2818.653472,16.01180582,0,1,1,0,0,30,1403,46.76666667,695,23.16666667,1403,46.76666667,24,0.8,746.5,11.5,0.033333333,0,0,0,0.933333333,4,0.5,134.2174077,2.15439841,30,16,7,0,0,0,2,0,0,7.785567391
wesbos,35244,31,421,75,5885.318044,0.174884703,1,1,1,1,0,30,5585,186.1666667,2622,87.4,5585,186.1666667,129,4.3,17643.53333,1063,0.533333333,0.033333333,0,0.133333333,0.5,7,0.333333333,11.98611155,0.967303685,30,17,7,0,1,1,4,0,0,1.849248129
wesm,16053,56,130,72,5696.184237,10.81413239,1,1,1,0,0,30,106,3.533333333,20,0.666666667,106,3.533333333,2,0.066666667,10841.83333,181,0.7,0,0,0,0.266666667,10,0.36,7.184630073,0.344016648,30,14,3,0,6,5,2,0,0,0.212893962
wycats,10307,13,314,765,6608.507755,7.004560629,0,1,1,0,0,30,807,26.9,91,3.033333333,807,26.9,104,3.466666667,2133.2,196.5,0.366666667,0,0,0.066666667,0.633333333,6,0.47826087,0.559456462,0.168599981,30,7,11,0,0,1,4,0,0,0.56104211
xiaolai,21087,40,80,49,5936.972234,2.758218036,1,1,1,0,0,30,5066,168.8666667,2249,74.96666667,5066,168.8666667,47,1.566666667,23787.3,2035.5,0.4,0,0,0.033333333,0.6,8,0.222222222,0.132824518,0.104664796,30,16,4,1,2,4,3,0,0,0.060012018
XiaomingX,11348,42713,54,0,4545.592894,15.16375044,1,1,1,0,0,30,4191,139.7,458,15.26666667,4191,139.7,46,1.533333333,91209.76667,146.5,0.033333333,0.033333333,0,0.033333333,0.966666667,5,0.733333333,0.715833777,0.111562944,30,13,0,0,0,0,2,0,15,1.618623129
yangshun,13026,294,121,49,5150.222026,3.205347666,1,1,1,0,0,30,1915,63.83333333,384,12.8,1915,63.83333333,6,0.2,55955.13333,1301.5,0.233333333,0.033333333,0,0.366666667,0.733333333,7,0.347826087,13.71761618,1.757535166,7,4,0,3,0,0,0,0,0,13.38471109
yinwang0,13838,2,19,4,5634.582767,19.42674813,0,0,0,0,0,19,2106,110.8421053,909,47.84210526,2106,110.8421053,12,0.631578947,77372.78947,158,0.578947368,0,0,0,0.473684211,6,0.25,217.6765514,3.696898592,0,0,0,0,0,0,0,0,0,0
YunaiV,12495,66,83,0,4956.638693,74.43576433,1,1,1,0,0,30,4237,141.2333333,2169,72.3,4237,141.2333333,4,0.133333333,13275.63333,1284,0.666666667,0,0,0,0.266666667,5,0.75,92.59023193,0.101759703,30,7,6,0,3,1,0,0,0,0.370081462
yyx990803,106879,100,199,73,5557.697257,32.59259304,1,1,1,0,0,30,3073,102.4333333,303,10.1,3073,102.4333333,23,0.766666667,4969.533333,86.5,0.566666667,0,0,0.033333333,0.4,2,0.961538462,7.644907851,1.973669425,21,10,2,0,1,4,2,0,1,0.62572961
zenorocha,11405,234,147,52,5632.175706,0.231076833,1,1,1,0,0,30,15051,501.7,1348,44.93333333,15051,501.7,30,1,37933.3,560.5,0.666666667,0,0,0.1,0.366666667,4,0.571428571,752.7746069,0.468009703,30,4,2,16,0,0,0,0,3,0.197361555
